[
  {
    "id": "c34c80ce-0532-4ec5-9f76-85c22c556795",
    "data": [
      {
        "text": "Hello",
        "userDefined": false
      }
    ],
    "isTemplate": false,
    "count": 0,
    "updated": 1523177746
  },
  {
    "id": "d4e831e6-5a8e-4871-93ab-3cba96e73bd8",
    "data": [
      {
        "text": "Hey",
        "userDefined": false
      }
    ],
    "isTemplate": false,
    "count": 0,
    "updated": 1523177746
  },
  {
    "id": "8aeed305-2db8-431e-9d91-b11acbffafe7",
    "data": [
      {
        "text": "hi",
        "userDefined": false
      }
    ],
    "isTemplate": false,
    "count": 1,
    "updated": 1523177746
  }
]