[
  {
    "id": "6809c1ce-1aaa-4c64-bdaf-91194a5f9b59",
    "data": [
      {
        "text": "Book me a ",
        "userDefined": false
      },
      {
        "text": "hotel",
        "alias": "hotel",
        "meta": "@hotel-type",
        "userDefined": false
      }
    ],
    "isTemplate": false,
    "count": 0,
    "updated": 0
  },
  {
    "id": "940e6237-cb4a-4a4b-ab8d-e29bcd720d4b",
    "data": [
      {
        "text": "book a ",
        "userDefined": false
      },
      {
        "text": "hotel",
        "alias": "hotel",
        "meta": "@hotel-type",
        "userDefined": false
      },
      {
        "text": " in guwahati",
        "userDefined": false
      }
    ],
    "isTemplate": false,
    "count": 0,
    "updated": 0
  },
  {
    "id": "dad3f2b4-80fb-43cf-9626-45d8deb63f27",
    "data": [
      {
        "text": "bok a hotal in gauhati",
        "userDefined": false
      }
    ],
    "isTemplate": false,
    "count": 0,
    "updated": 0
  },
  {
    "id": "5384436b-6127-42c8-a1f3-113ea3fcb827",
    "data": [
      {
        "text": "book a ",
        "userDefined": false
      },
      {
        "text": "hotel",
        "alias": "hotel",
        "meta": "@hotel-type",
        "userDefined": false
      },
      {
        "text": " in ",
        "userDefined": false
      },
      {
        "text": "guwahati",
        "alias": "geo-city",
        "meta": "@sys.geo-city",
        "userDefined": false
      },
      {
        "text": " on ",
        "userDefined": false
      },
      {
        "text": "april 24",
        "alias": "date-time",
        "meta": "@sys.date-time",
        "userDefined": false
      }
    ],
    "isTemplate": false,
    "count": 0,
    "updated": 0
  },
  {
    "id": "9cd6a3ba-50e7-42ee-b2e5-bd91d2ab7da2",
    "data": [
      {
        "text": "book a ",
        "userDefined": false
      },
      {
        "text": "hotel",
        "alias": "hotel",
        "meta": "@hotel-type",
        "userDefined": false
      },
      {
        "text": " ",
        "userDefined": false
      },
      {
        "text": "on 10 january",
        "alias": "date",
        "meta": "@sys.date",
        "userDefined": false
      }
    ],
    "isTemplate": false,
    "count": 0,
    "updated": 1523125128
  },
  {
    "id": "92e7be48-fa6c-49c7-bf10-e0ab6ee4e5e2",
    "data": [
      {
        "text": "book ",
        "userDefined": false
      },
      {
        "text": "2",
        "alias": "number",
        "meta": "@sys.number",
        "userDefined": false
      },
      {
        "text": " star ",
        "userDefined": false
      },
      {
        "text": "hotel",
        "alias": "hotel",
        "meta": "@hotel-type",
        "userDefined": true
      },
      {
        "text": " room",
        "userDefined": false
      }
    ],
    "isTemplate": false,
    "count": 0,
    "updated": 1523125128
  },
  {
    "id": "5231e4c1-5963-49d5-877d-dcd129bdb90b",
    "data": [
      {
        "text": "find a ",
        "userDefined": false
      },
      {
        "text": "hotel",
        "alias": "hotel",
        "meta": "@hotel-type",
        "userDefined": true
      },
      {
        "text": " in ",
        "userDefined": false
      },
      {
        "text": "Tokyo",
        "alias": "geo-city",
        "meta": "@sys.geo-city",
        "userDefined": false
      },
      {
        "text": " from ",
        "userDefined": false
      },
      {
        "text": "April 10",
        "alias": "date-time",
        "meta": "@sys.date-time",
        "userDefined": true
      },
      {
        "text": " for ",
        "userDefined": false
      },
      {
        "text": "5",
        "alias": "date-period",
        "meta": "@sys.date-period",
        "userDefined": false
      },
      {
        "text": " nights let it be ",
        "userDefined": false
      },
      {
        "text": "Hyatt",
        "alias": "hotel-name",
        "meta": "@hotel-name",
        "userDefined": false
      }
    ],
    "isTemplate": false,
    "count": 0,
    "updated": 1523125128
  },
  {
    "id": "3d046d9e-9619-4b62-baa2-4b1887a2b179",
    "data": [
      {
        "text": "book a ",
        "userDefined": false
      },
      {
        "text": "hotel",
        "alias": "hotel",
        "meta": "@hotel-type",
        "userDefined": true
      },
      {
        "text": " in ",
        "userDefined": false
      },
      {
        "text": "Berlin",
        "alias": "geo-city",
        "meta": "@sys.geo-city",
        "userDefined": false
      },
      {
        "text": " for ",
        "userDefined": false
      },
      {
        "text": "July twenty three",
        "alias": "date-time",
        "meta": "@sys.date-time",
        "userDefined": false
      }
    ],
    "isTemplate": false,
    "count": 0,
    "updated": 1523125128
  },
  {
    "id": "a94338f2-adf0-48fc-9555-e631862c6928",
    "data": [
      {
        "text": "5-star ",
        "userDefined": false
      },
      {
        "text": "hotel",
        "alias": "hotel",
        "meta": "@hotel-type",
        "userDefined": true
      },
      {
        "text": " ",
        "userDefined": false
      },
      {
        "text": "Dallas",
        "alias": "geo-city",
        "meta": "@sys.geo-city",
        "userDefined": false
      },
      {
        "text": " ",
        "userDefined": false
      },
      {
        "text": "Texas",
        "alias": "geo-state-us",
        "meta": "@sys.geo-state-us",
        "userDefined": false
      }
    ],
    "isTemplate": false,
    "count": 0,
    "updated": 1523125128
  },
  {
    "id": "074b589c-9a2c-45a4-b998-526ab3af860c",
    "data": [
      {
        "text": "I want to book a ",
        "userDefined": false
      },
      {
        "text": "hotel",
        "alias": "hotel",
        "meta": "@hotel-type",
        "userDefined": true
      }
    ],
    "isTemplate": false,
    "count": 0,
    "updated": 1523125128
  },
  {
    "id": "01a5a978-5a90-40c0-8bde-76ddec94cb71",
    "data": [
      {
        "text": "I need a ",
        "userDefined": false
      },
      {
        "text": "place to stay",
        "alias": "hotel",
        "meta": "@hotel-type",
        "userDefined": true
      },
      {
        "text": " in ",
        "userDefined": false
      },
      {
        "text": "Rome",
        "alias": "location",
        "meta": "@sys.location",
        "userDefined": true
      },
      {
        "text": " ",
        "userDefined": false
      },
      {
        "text": "this weekend",
        "alias": "date-time",
        "meta": "@sys.date-time",
        "userDefined": true
      }
    ],
    "isTemplate": false,
    "count": 0,
    "updated": 1523125128
  }
]