[
  {
    "id": "f48a327e-b942-4711-9616-60649258a334",
    "data": [
      {
        "text": "сегодня",
        "alias": "date-time",
        "meta": "@sys.date-time",
        "userDefined": true
      },
      {
        "text": " подходящая погода для ",
        "userDefined": false
      },
      {
        "text": "прогулки",
        "alias": "activity",
        "meta": "@activity",
        "userDefined": true
      }
    ],
    "isTemplate": false,
    "count": 0,
    "updated": 0
  },
  {
    "id": "8dfd55eb-2af9-4acd-9db8-56d2b90c2898",
    "data": [
      {
        "text": "собираюсь ",
        "userDefined": false
      },
      {
        "text": "сегодня",
        "alias": "date-time",
        "meta": "@sys.date-time",
        "userDefined": true
      },
      {
        "text": " ",
        "userDefined": false
      },
      {
        "text": "кататься на лыжах",
        "alias": "activity",
        "meta": "@activity",
        "userDefined": true
      },
      {
        "text": " получится",
        "userDefined": false
      }
    ],
    "isTemplate": false,
    "count": 1,
    "updated": 0
  },
  {
    "id": "7dc06d0c-413f-4a36-bc95-c526baa7f35f",
    "data": [
      {
        "text": "можно ",
        "userDefined": false
      },
      {
        "text": "поплавать",
        "alias": "activity",
        "meta": "@activity",
        "userDefined": true
      }
    ],
    "isTemplate": false,
    "count": 0,
    "updated": 0
  },
  {
    "id": "1cda1613-42ce-43b1-9f34-3bf3d0464cb8",
    "data": [
      {
        "text": "смогу ли я ",
        "userDefined": false
      },
      {
        "text": "пойти в поход",
        "alias": "activity",
        "meta": "@activity",
        "userDefined": true
      }
    ],
    "isTemplate": false,
    "count": 0,
    "updated": 0
  },
  {
    "id": "ae5ccc8e-f820-49d4-b7db-c0964b6b3403",
    "data": [
      {
        "text": "подходит ли погода для ",
        "userDefined": false
      },
      {
        "text": "прогулки",
        "alias": "activity",
        "meta": "@activity",
        "userDefined": true
      }
    ],
    "isTemplate": false,
    "count": 0,
    "updated": 0
  },
  {
    "id": "e857597d-8b41-41b0-b91e-2e17369c30e6",
    "data": [
      {
        "text": "достаточно ли тепло для ",
        "userDefined": false
      },
      {
        "text": "игр",
        "alias": "activity",
        "meta": "@activity",
        "userDefined": true
      },
      {
        "text": " на улице",
        "userDefined": false
      }
    ],
    "isTemplate": false,
    "count": 0,
    "updated": 0
  },
  {
    "id": "7e2ebee0-8742-474b-80a4-a33b6db538ee",
    "data": [
      {
        "text": "стоит ли ",
        "userDefined": false
      },
      {
        "text": "идти в поход",
        "alias": "activity",
        "meta": "@activity",
        "userDefined": true
      },
      {
        "text": " ",
        "userDefined": false
      },
      {
        "text": "сейчас",
        "alias": "date-time",
        "meta": "@sys.date-time",
        "userDefined": true
      }
    ],
    "isTemplate": false,
    "count": 0,
    "updated": 0
  },
  {
    "id": "4f507c32-88ae-4e74-b5af-2cb8b531d64a",
    "data": [
      {
        "text": "думаешь погода не подходит для игры в ",
        "userDefined": false
      },
      {
        "text": "бадминтон",
        "alias": "activity",
        "meta": "@activity",
        "userDefined": true
      }
    ],
    "isTemplate": false,
    "count": 0,
    "updated": 0
  },
  {
    "id": "ee42a03a-19e3-4b41-80eb-5ef6b276f31b",
    "data": [
      {
        "text": "можно ли ",
        "userDefined": false
      },
      {
        "text": "играть в снежки",
        "alias": "activity",
        "meta": "@activity",
        "userDefined": true
      }
    ],
    "isTemplate": false,
    "count": 0,
    "updated": 0
  },
  {
    "id": "0a033c8f-26f3-4def-9417-8dc99f66ef21",
    "data": [
      {
        "text": "думаешь достаточно тепло для ",
        "userDefined": false
      },
      {
        "text": "велопрогулки",
        "alias": "activity",
        "meta": "@activity",
        "userDefined": true
      }
    ],
    "isTemplate": false,
    "count": 1,
    "updated": 0
  },
  {
    "id": "7965679b-4415-417c-91bb-92e7e91180dd",
    "data": [
      {
        "text": "хочу ",
        "userDefined": false
      },
      {
        "text": "прогуляться",
        "alias": "activity",
        "meta": "@activity",
        "userDefined": true
      },
      {
        "text": " как там погода",
        "userDefined": false
      }
    ],
    "isTemplate": false,
    "count": 2,
    "updated": 0
  },
  {
    "id": "1bd6822e-ecf4-45ac-8626-d19e0a34d24d",
    "data": [
      {
        "text": "стоит ли идти на ",
        "userDefined": false
      },
      {
        "text": "пробежку",
        "alias": "activity",
        "meta": "@activity",
        "userDefined": true
      }
    ],
    "isTemplate": false,
    "count": 0,
    "updated": 0
  },
  {
    "id": "3da7c85e-ac0b-496b-b492-b6e8ed292f8c",
    "data": [
      {
        "text": "хочу ",
        "userDefined": false
      },
      {
        "text": "прогуляться",
        "alias": "activity",
        "meta": "@activity",
        "userDefined": true
      },
      {
        "text": " по ",
        "userDefined": false
      },
      {
        "text": "Мадриду",
        "alias": "address",
        "meta": "@sys.location",
        "userDefined": true
      }
    ],
    "isTemplate": false,
    "count": 0,
    "updated": 0
  },
  {
    "id": "696fe37c-12af-4ff1-bc87-941881957706",
    "data": [
      {
        "text": "сейчас хорошая погода для ",
        "userDefined": false
      },
      {
        "text": "пробежки",
        "alias": "activity",
        "meta": "@activity",
        "userDefined": true
      }
    ],
    "isTemplate": false,
    "count": 0,
    "updated": 0
  },
  {
    "id": "55bbe5d6-f6ff-4068-a630-ea5ab279c7f8",
    "data": [
      {
        "text": "достаточно ли тепло чтобы пойти ",
        "userDefined": false
      },
      {
        "text": "поплавать",
        "alias": "activity",
        "meta": "@activity",
        "userDefined": true
      }
    ],
    "isTemplate": false,
    "count": 0,
    "updated": 0
  },
  {
    "id": "80f718d3-6235-45aa-a2fc-5b53feaade9a",
    "data": [
      {
        "text": "хорошая погода для ",
        "userDefined": false
      },
      {
        "text": "серфинга",
        "alias": "activity",
        "meta": "@activity",
        "userDefined": true
      }
    ],
    "isTemplate": false,
    "count": 0,
    "updated": 0
  },
  {
    "id": "a8ef4462-b072-4bbc-8fc0-633acfe079b6",
    "data": [
      {
        "text": "погода то что надо для ",
        "userDefined": false
      },
      {
        "text": "похода",
        "alias": "activity",
        "meta": "@activity",
        "userDefined": true
      }
    ],
    "isTemplate": false,
    "count": 0,
    "updated": 0
  },
  {
    "id": "38ed77e3-cedb-493f-b7a4-9c056ffb1a62",
    "data": [
      {
        "text": "стоит ли ехать в ",
        "userDefined": false
      },
      {
        "text": "Вену",
        "alias": "address",
        "meta": "@sys.location",
        "userDefined": true
      },
      {
        "text": " ",
        "userDefined": false
      },
      {
        "text": "кататься на лыжах",
        "alias": "activity",
        "meta": "@activity",
        "userDefined": true
      }
    ],
    "isTemplate": false,
    "count": 0,
    "updated": 0
  },
  {
    "id": "63029c50-7cc9-4bcc-8057-4aefaeee8d4f",
    "data": [
      {
        "text": "велопрогулка",
        "alias": "activity",
        "meta": "@activity",
        "userDefined": true
      },
      {
        "text": " по ",
        "userDefined": false
      },
      {
        "text": "Москве",
        "alias": "address",
        "meta": "@sys.location",
        "userDefined": true
      },
      {
        "text": " стоит ли",
        "userDefined": false
      }
    ],
    "isTemplate": false,
    "count": 0,
    "updated": 0
  },
  {
    "id": "21ebef73-2875-47dd-b9eb-0c77c2bdeedb",
    "data": [
      {
        "text": "достаточно ли хороша погода для езды на ",
        "userDefined": false
      },
      {
        "text": "велосипеде",
        "alias": "activity",
        "meta": "@activity",
        "userDefined": true
      }
    ],
    "isTemplate": false,
    "count": 0,
    "updated": 0
  },
  {
    "id": "dadeada3-cb4c-453e-9c86-5c76577af0e4",
    "data": [
      {
        "text": "хочу ",
        "userDefined": false
      },
      {
        "text": "пойти в поход",
        "alias": "activity",
        "meta": "@activity",
        "userDefined": true
      },
      {
        "text": " на улице тепло",
        "userDefined": false
      }
    ],
    "isTemplate": false,
    "count": 1,
    "updated": 0
  },
  {
    "id": "dc23b8f8-9704-4ed9-be20-6af9fba15c44",
    "data": [
      {
        "text": "виндсерфинг",
        "alias": "activity",
        "meta": "@activity",
        "userDefined": true
      },
      {
        "text": " в ",
        "userDefined": false
      },
      {
        "text": "Пхукете",
        "alias": "address",
        "meta": "@sys.location",
        "userDefined": true
      },
      {
        "text": " погода то что надо",
        "userDefined": false
      }
    ],
    "isTemplate": false,
    "count": 0,
    "updated": 0
  },
  {
    "id": "983fcf2a-4380-4e68-9faf-629c9ecd2409",
    "data": [
      {
        "text": "сегодня",
        "alias": "date-time",
        "meta": "@sys.date-time",
        "userDefined": true
      },
      {
        "text": " хорошая погода для ",
        "userDefined": false
      },
      {
        "text": "прогулки",
        "alias": "activity",
        "meta": "@activity",
        "userDefined": true
      }
    ],
    "isTemplate": false,
    "count": 0,
    "updated": 0
  },
  {
    "id": "5f143528-77a9-46fd-9355-5bdd605bb4f8",
    "data": [
      {
        "text": "хорошо ты думаешь погода подходит для ",
        "userDefined": false
      },
      {
        "text": "похода",
        "alias": "activity",
        "meta": "@activity",
        "userDefined": true
      }
    ],
    "isTemplate": false,
    "count": 0,
    "updated": 0
  },
  {
    "id": "e9260731-3e09-4f23-b1dd-3db5f7e7e438",
    "data": [
      {
        "text": "могу ли покататься на ",
        "userDefined": false
      },
      {
        "text": "сноуборде",
        "alias": "activity",
        "meta": "@activity",
        "userDefined": true
      }
    ],
    "isTemplate": false,
    "count": 0,
    "updated": 0
  },
  {
    "id": "9cad3a75-a1e0-43bd-8082-1d518a9eb9c2",
    "data": [
      {
        "text": "пробежка",
        "alias": "activity",
        "meta": "@activity",
        "userDefined": true
      },
      {
        "text": " этим ",
        "userDefined": false
      },
      {
        "text": "вечером",
        "alias": "date-time",
        "meta": "@sys.date-time",
        "userDefined": true
      }
    ],
    "isTemplate": false,
    "count": 0,
    "updated": 0
  },
  {
    "id": "171fe029-58a1-4cff-ba3e-92d9bd1b049f",
    "data": [
      {
        "text": "будет ли холодно в эту ",
        "userDefined": false
      },
      {
        "text": "пятницу",
        "alias": "date-time",
        "meta": "@sys.date-time",
        "userDefined": true
      },
      {
        "text": " хотим ",
        "userDefined": false
      },
      {
        "text": "поиграть в снежки",
        "alias": "activity",
        "meta": "@activity",
        "userDefined": true
      }
    ],
    "isTemplate": false,
    "count": 0,
    "updated": 0
  },
  {
    "id": "02f6e384-5ba4-4507-b2cb-7cb0f294f18a",
    "data": [
      {
        "text": "хорошая погода для ",
        "userDefined": false
      },
      {
        "text": "осмотра достопримечательностей",
        "alias": "activity",
        "meta": "@activity",
        "userDefined": true
      }
    ],
    "isTemplate": false,
    "count": 0,
    "updated": 0
  },
  {
    "id": "55c7eb52-a83b-4459-8c90-94caf276ccf8",
    "data": [
      {
        "text": "вечером",
        "alias": "date-time",
        "meta": "@sys.date-time",
        "userDefined": true
      },
      {
        "text": " собираемся на ",
        "userDefined": false
      },
      {
        "text": "сафари",
        "alias": "activity",
        "meta": "@activity",
        "userDefined": true
      },
      {
        "text": " погода подходит",
        "userDefined": false
      }
    ],
    "isTemplate": false,
    "count": 0,
    "updated": 0
  },
  {
    "id": "58d7ab80-f299-42e7-851b-8415b3c02a3d",
    "data": [
      {
        "text": "стоит ли ",
        "userDefined": false
      },
      {
        "text": "идти в поход",
        "alias": "activity",
        "meta": "@activity",
        "userDefined": true
      },
      {
        "text": " в ",
        "userDefined": false
      },
      {
        "text": "эти выходные",
        "alias": "date-time",
        "meta": "@sys.date-time",
        "userDefined": true
      },
      {
        "text": " ",
        "userDefined": false
      },
      {
        "text": "Москва",
        "alias": "address",
        "meta": "@sys.location",
        "userDefined": true
      }
    ],
    "isTemplate": false,
    "count": 0,
    "updated": 0
  },
  {
    "id": "f7c3f81a-b0d2-4008-95e3-851de8278fa2",
    "data": [
      {
        "text": "рафтинг",
        "alias": "activity",
        "meta": "@activity",
        "userDefined": true
      },
      {
        "text": " в ",
        "userDefined": false
      },
      {
        "text": "Майами",
        "alias": "address",
        "meta": "@sys.location",
        "userDefined": true
      },
      {
        "text": " ",
        "userDefined": false
      },
      {
        "text": "этим вечером",
        "alias": "date-time",
        "meta": "@sys.date-time",
        "userDefined": true
      }
    ],
    "isTemplate": false,
    "count": 0,
    "updated": 0
  },
  {
    "id": "ead73825-2372-444e-923d-8f094efbceb7",
    "data": [
      {
        "text": "будет ли достаточно тепло чтобы ",
        "userDefined": false
      },
      {
        "text": "пойти за грибами",
        "alias": "activity",
        "meta": "@activity",
        "userDefined": true
      },
      {
        "text": " в ",
        "userDefined": false
      },
      {
        "text": "эту пятницу",
        "alias": "date-time",
        "meta": "@sys.date-time",
        "userDefined": true
      },
      {
        "text": " ",
        "userDefined": false
      },
      {
        "text": "Новосибирск",
        "alias": "address",
        "meta": "@sys.location",
        "userDefined": true
      }
    ],
    "isTemplate": false,
    "count": 0,
    "updated": 0
  },
  {
    "id": "25dc7fec-e93f-4f1f-bc2e-918c0ac586d7",
    "data": [
      {
        "text": "хотим ",
        "userDefined": false
      },
      {
        "text": "понаблюдать за птицами",
        "alias": "activity",
        "meta": "@activity",
        "userDefined": true
      },
      {
        "text": " ",
        "userDefined": false
      },
      {
        "text": "сегодня",
        "alias": "date-time",
        "meta": "@sys.date-time",
        "userDefined": true
      },
      {
        "text": " в ",
        "userDefined": false
      },
      {
        "text": "Бостоне",
        "alias": "address",
        "meta": "@sys.location",
        "userDefined": true
      }
    ],
    "isTemplate": false,
    "count": 0,
    "updated": 0
  },
  {
    "id": "f7271cda-e139-470c-a616-176cabb26b3f",
    "data": [
      {
        "text": "подходящая ли на улице погода для ",
        "userDefined": false
      },
      {
        "text": "езды на горном велосипеде",
        "alias": "activity",
        "meta": "@activity",
        "userDefined": true
      }
    ],
    "isTemplate": false,
    "count": 0,
    "updated": 0
  }
]