[
  {
    "id": "d9f19105-c9c2-4a75-bf2d-8ac619395f5f",
    "data": [
      {
        "text": "我還很想",
        "userDefined": false
      },
      {
        "text": "陣雪",
        "alias": "condition",
        "meta": "@weather-condition",
        "userDefined": false
      }
    ],
    "isTemplate": false,
    "count": 0,
    "updated": 0
  },
  {
    "id": "8ab0a300-ab7a-418f-8e39-cecf6ded8e5a",
    "data": [
      {
        "text": "還需要",
        "userDefined": false
      },
      {
        "text": "晴朗",
        "alias": "condition",
        "meta": "@weather-condition",
        "userDefined": false
      }
    ],
    "isTemplate": false,
    "count": 0,
    "updated": 0
  },
  {
    "id": "e1b424e0-7211-4e1b-a7c7-b14a7102ae8b",
    "data": [
      {
        "text": "還能不能",
        "userDefined": false
      },
      {
        "text": "太陽",
        "alias": "condition",
        "meta": "@weather-condition",
        "userDefined": false
      }
    ],
    "isTemplate": false,
    "count": 0,
    "updated": 0
  },
  {
    "id": "6220b942-bb7a-4cbe-98f6-9dde61a26aba",
    "data": [
      {
        "text": "能不能",
        "userDefined": false
      },
      {
        "text": "雷暴",
        "alias": "condition",
        "meta": "@weather-condition",
        "userDefined": false
      }
    ],
    "isTemplate": false,
    "count": 0,
    "updated": 0
  },
  {
    "id": "933a7e24-12a6-42d1-901e-09328df4a0d5",
    "data": [
      {
        "text": "怎麽能",
        "userDefined": false
      },
      {
        "text": "雷雨",
        "alias": "condition",
        "meta": "@weather-condition",
        "userDefined": false
      }
    ],
    "isTemplate": false,
    "count": 0,
    "updated": 0
  },
  {
    "id": "8e4d7991-829d-4e18-9878-849fdb85373f",
    "data": [
      {
        "text": "會不會",
        "userDefined": false
      },
      {
        "text": "多雲",
        "alias": "condition",
        "meta": "@weather-condition",
        "userDefined": false
      }
    ],
    "isTemplate": false,
    "count": 0,
    "updated": 0
  },
  {
    "id": "288cfd85-5335-4efd-bd57-22af9daa8c71",
    "data": [
      {
        "text": "我還要",
        "userDefined": false
      },
      {
        "text": "細雨",
        "alias": "condition",
        "meta": "@weather-condition",
        "userDefined": false
      }
    ],
    "isTemplate": false,
    "count": 0,
    "updated": 0
  },
  {
    "id": "f8bd4535-82b4-49ca-b992-2fba411a2dbd",
    "data": [
      {
        "text": "現在",
        "userDefined": false
      },
      {
        "text": "下雨",
        "alias": "condition",
        "meta": "@weather-condition",
        "userDefined": false
      }
    ],
    "isTemplate": false,
    "count": 0,
    "updated": 0
  },
  {
    "id": "7ed52456-2131-4b70-afde-7e29b8475af0",
    "data": [
      {
        "text": "關于",
        "userDefined": false
      },
      {
        "text": "風",
        "alias": "condition",
        "meta": "@weather-condition",
        "userDefined": false
      }
    ],
    "isTemplate": false,
    "count": 0,
    "updated": 0
  },
  {
    "id": "48132bdd-ff5b-4854-8930-55dff95fe23a",
    "data": [
      {
        "text": "還要",
        "userDefined": false
      },
      {
        "text": "多風",
        "alias": "condition",
        "meta": "@weather-condition",
        "userDefined": false
      }
    ],
    "isTemplate": false,
    "count": 0,
    "updated": 0
  },
  {
    "id": "a7a0c9b9-c3ba-4930-a531-115dd86a6368",
    "data": [
      {
        "text": "煙霧",
        "alias": "condition",
        "meta": "@weather-condition",
        "userDefined": false
      },
      {
        "text": "呢",
        "userDefined": false
      }
    ],
    "isTemplate": false,
    "count": 1,
    "updated": 0
  }
]