[
  {
    "id": "c7c28b77-772c-4b33-987f-91bbaba62d62",
    "data": [
      {
        "text": "雪",
        "alias": "weather-condition",
        "meta": "@weather-condition",
        "userDefined": true
      },
      {
        "text": "はどう",
        "userDefined": false
      }
    ],
    "isTemplate": false,
    "count": 0,
    "updated": 0
  },
  {
    "id": "958e05d9-055a-4c34-a33f-4ca1f1c0181b",
    "data": [
      {
        "text": "じゃあ",
        "userDefined": false
      },
      {
        "text": "雨",
        "alias": "weather-condition",
        "meta": "@weather-condition",
        "userDefined": true
      },
      {
        "text": "は",
        "userDefined": false
      }
    ],
    "isTemplate": false,
    "count": 0,
    "updated": 0
  }
]