[
  {
    "id": "c01d5d41-0616-496a-bcef-07c86f3840a5",
    "data": [
      {
        "text": "tempo agora",
        "userDefined": false
      }
    ],
    "isTemplate": false,
    "count": 0,
    "updated": 0
  },
  {
    "id": "1accd337-7c85-41d1-b914-d200b19ee32b",
    "data": [
      {
        "text": "tempo",
        "userDefined": false
      }
    ],
    "isTemplate": false,
    "count": 0,
    "updated": 0
  },
  {
    "id": "ee9d7bd6-53aa-46f2-812c-17c28176f409",
    "data": [
      {
        "text": "como está o tempo em ",
        "userDefined": false
      },
      {
        "text": "Nova Iorque",
        "alias": "address",
        "meta": "@sys.location",
        "userDefined": true
      },
      {
        "text": " ",
        "userDefined": false
      },
      {
        "text": "esta manhã",
        "alias": "date-time",
        "meta": "@sys.date-time",
        "userDefined": true
      }
    ],
    "isTemplate": false,
    "count": 0,
    "updated": 0
  },
  {
    "id": "abb3e7ec-0451-423b-aebe-e26d725de4cd",
    "data": [
      {
        "text": "o tempo em ",
        "userDefined": false
      },
      {
        "text": "Londres",
        "alias": "address",
        "meta": "@sys.location",
        "userDefined": true
      },
      {
        "text": " para os ",
        "userDefined": false
      },
      {
        "text": "próximos 5 dias",
        "alias": "date-time",
        "meta": "@sys.date-time",
        "userDefined": true
      }
    ],
    "isTemplate": false,
    "count": 0,
    "updated": 0
  },
  {
    "id": "79b332b2-628d-44d3-978a-8409843c12c2",
    "data": [
      {
        "text": "o tempo em ",
        "userDefined": false
      },
      {
        "text": "Paris",
        "alias": "address",
        "meta": "@sys.location",
        "userDefined": true
      },
      {
        "text": " em ",
        "userDefined": false
      },
      {
        "text": "Celsius",
        "alias": "unit",
        "meta": "@unit-temperature",
        "userDefined": true
      }
    ],
    "isTemplate": false,
    "count": 0,
    "updated": 0
  },
  {
    "id": "ab58a7d5-00fd-478f-a1c9-d1b32f6a913f",
    "data": [
      {
        "text": "como está o tempo em ",
        "userDefined": false
      },
      {
        "text": "Delft",
        "alias": "address",
        "meta": "@sys.location",
        "userDefined": true
      }
    ],
    "isTemplate": false,
    "count": 0,
    "updated": 0
  },
  {
    "id": "e467efb3-4d05-43fe-8d8f-adba01e064b5",
    "data": [
      {
        "text": "mostrar-me o tempo para ",
        "userDefined": false
      },
      {
        "text": "hoje",
        "alias": "date-time",
        "meta": "@sys.date-time",
        "userDefined": true
      }
    ],
    "isTemplate": false,
    "count": 0,
    "updated": 0
  },
  {
    "id": "e8971eca-0ce1-4cbd-9909-65bd4d4d1b70",
    "data": [
      {
        "text": "como vai estar o tempo ",
        "userDefined": false
      },
      {
        "text": "amanhã",
        "alias": "date-time",
        "meta": "@sys.date-time",
        "userDefined": true
      },
      {
        "text": " em ",
        "userDefined": false
      },
      {
        "text": "Campbell",
        "alias": "address",
        "meta": "@sys.location",
        "userDefined": true
      }
    ],
    "isTemplate": false,
    "count": 0,
    "updated": 0
  },
  {
    "id": "dd2989b3-f68f-4387-b963-ee822b457a53",
    "data": [
      {
        "text": "como vai estar o tempo ",
        "userDefined": false
      },
      {
        "text": "amanhã",
        "alias": "date-time",
        "meta": "@sys.date-time",
        "userDefined": true
      },
      {
        "text": " em ",
        "userDefined": false
      },
      {
        "text": "Camberra",
        "alias": "address",
        "meta": "@sys.location",
        "userDefined": true
      }
    ],
    "isTemplate": false,
    "count": 0,
    "updated": 0
  },
  {
    "id": "8a941d12-5823-4d21-83d6-34ef5d2a06fc",
    "data": [
      {
        "text": "diga-me a previsão meteorológica para ",
        "userDefined": false
      },
      {
        "text": "amanhã",
        "alias": "date-time",
        "meta": "@sys.date-time",
        "userDefined": true
      },
      {
        "text": " em ",
        "userDefined": false
      },
      {
        "text": "Hong Kong",
        "alias": "address",
        "meta": "@sys.location",
        "userDefined": true
      }
    ],
    "isTemplate": false,
    "count": 0,
    "updated": 0
  },
  {
    "id": "83b8a926-7426-4374-ae0d-242a2f3d104c",
    "data": [
      {
        "text": "qual é a previsão do tempo em ",
        "userDefined": false
      },
      {
        "text": "Paris",
        "alias": "address",
        "meta": "@sys.location",
        "userDefined": false
      },
      {
        "text": " para ",
        "userDefined": false
      },
      {
        "text": "esta manhã",
        "alias": "date-time",
        "meta": "@sys.date-time",
        "userDefined": false
      }
    ],
    "isTemplate": false,
    "count": 0,
    "updated": 0
  },
  {
    "id": "5cad0472-798d-4254-80d4-e6c1d8366332",
    "data": [
      {
        "text": "o tempo em ",
        "userDefined": false
      },
      {
        "text": "Durban",
        "alias": "address",
        "meta": "@sys.location",
        "userDefined": true
      }
    ],
    "isTemplate": false,
    "count": 0,
    "updated": 0
  },
  {
    "id": "0d2ef232-3b8e-4a04-a806-094adc1df3f6",
    "data": [
      {
        "text": "como está o tempo na ",
        "userDefined": false
      },
      {
        "text": "Cidade do Cabo",
        "alias": "address",
        "meta": "@sys.location",
        "userDefined": true
      }
    ],
    "isTemplate": false,
    "count": 0,
    "updated": 0
  },
  {
    "id": "6704b3ad-dce8-462b-b2e9-293aa9390c49",
    "data": [
      {
        "text": "o tempo em ",
        "userDefined": false
      },
      {
        "text": "Londres",
        "alias": "address",
        "meta": "@sys.location",
        "userDefined": true
      }
    ],
    "isTemplate": false,
    "count": 0,
    "updated": 0
  },
  {
    "id": "2ae1e9d2-5c65-414b-9261-4c725e54a543",
    "data": [
      {
        "text": "como está o tempo",
        "userDefined": false
      }
    ],
    "isTemplate": false,
    "count": 0,
    "updated": 0
  },
  {
    "id": "a8a25847-7eab-45c5-a716-769786b5c2c6",
    "data": [
      {
        "text": "previsão meteorológica",
        "userDefined": false
      }
    ],
    "isTemplate": false,
    "count": 0,
    "updated": 0
  },
  {
    "id": "2d2f95b9-5ef3-4d49-a40f-5a8fa4955acf",
    "data": [
      {
        "text": "o tempo em ",
        "userDefined": false
      },
      {
        "text": "Nirmal",
        "alias": "address",
        "meta": "@sys.location",
        "userDefined": true
      }
    ],
    "isTemplate": false,
    "count": 0,
    "updated": 0
  }
]