[
  {
    "id": "69001f74-d886-40ee-95b1-9b654bf0ffd7",
    "data": [
      {
        "text": "cuál es el pronóstico del clima en ",
        "userDefined": false
      },
      {
        "text": "México",
        "alias": "address",
        "meta": "@sys.location",
        "userDefined": true
      },
      {
        "text": " para el ",
        "userDefined": false
      },
      {
        "text": "12 de octubre",
        "alias": "date-time",
        "meta": "@sys.date-time",
        "userDefined": true
      }
    ],
    "isTemplate": false,
    "count": 0,
    "updated": 0
  },
  {
    "id": "151a69e9-8042-4601-833d-4ed8e49df7c3",
    "data": [
      {
        "text": "pronóstico del tiempo en ",
        "userDefined": false
      },
      {
        "text": "Portugal",
        "alias": "address",
        "meta": "@sys.location",
        "userDefined": true
      },
      {
        "text": " para el ",
        "userDefined": false
      },
      {
        "text": "fin de semana",
        "alias": "date-time",
        "meta": "@sys.date-time",
        "userDefined": true
      }
    ],
    "isTemplate": false,
    "count": 0,
    "updated": 0
  },
  {
    "id": "04d855a0-817c-4bac-a91f-a2435bcdb35c",
    "data": [
      {
        "text": "muéstrame el tiempo para la ",
        "userDefined": false
      },
      {
        "text": "próxima semana",
        "alias": "date-time",
        "meta": "@sys.date-time",
        "userDefined": true
      }
    ],
    "isTemplate": false,
    "count": 0,
    "updated": 0
  },
  {
    "id": "8ae84f9f-96d2-4b6e-b008-f4ef22b34e53",
    "data": [
      {
        "text": "qué tiempo va a hacer el ",
        "userDefined": false
      },
      {
        "text": "viernes",
        "alias": "date-time",
        "meta": "@sys.date-time",
        "userDefined": true
      }
    ],
    "isTemplate": false,
    "count": 0,
    "updated": 0
  },
  {
    "id": "3d559101-89a3-49ac-aac9-8e8776abe9d1",
    "data": [
      {
        "text": "tiempo en ",
        "userDefined": false
      },
      {
        "text": "Londres",
        "alias": "address",
        "meta": "@sys.location",
        "userDefined": true
      },
      {
        "text": " en ",
        "userDefined": false
      },
      {
        "text": "marzo",
        "alias": "date-time",
        "meta": "@sys.date-time",
        "userDefined": true
      }
    ],
    "isTemplate": false,
    "count": 0,
    "updated": 0
  },
  {
    "id": "d5af5f89-ec92-4f1e-8794-a54294317fd7",
    "data": [
      {
        "text": "pronóstico meteorológico para la ",
        "userDefined": false
      },
      {
        "text": "semana",
        "alias": "date-time",
        "meta": "@sys.date-time",
        "userDefined": true
      }
    ],
    "isTemplate": false,
    "count": 0,
    "updated": 0
  },
  {
    "id": "91dca4d9-319d-45c8-ad5f-82e7715faa53",
    "data": [
      {
        "text": "qué tiempo hace ahora en ",
        "userDefined": false
      },
      {
        "text": "Roma",
        "alias": "address",
        "meta": "@sys.location",
        "userDefined": true
      }
    ],
    "isTemplate": false,
    "count": 0,
    "updated": 0
  },
  {
    "id": "aeb009da-8a57-45da-aa83-237c0e17a25d",
    "data": [
      {
        "text": "clima en ",
        "userDefined": false
      },
      {
        "text": "Madrid",
        "alias": "address",
        "meta": "@sys.location",
        "userDefined": true
      }
    ],
    "isTemplate": false,
    "count": 0,
    "updated": 0
  },
  {
    "id": "38b4092b-c045-4745-a77b-f0c610c645bb",
    "data": [
      {
        "text": "cuántos grados hace ",
        "userDefined": false
      },
      {
        "text": "hoy",
        "alias": "date-time",
        "meta": "@sys.date-time",
        "userDefined": true
      },
      {
        "text": " en ",
        "userDefined": false
      },
      {
        "text": "Salamanca",
        "alias": "address",
        "meta": "@sys.location",
        "userDefined": true
      }
    ],
    "isTemplate": false,
    "count": 0,
    "updated": 0
  },
  {
    "id": "f5f1a4b4-4267-4c12-8000-94810bf89a28",
    "data": [
      {
        "text": "muéstrame el tiempo en grados ",
        "userDefined": false
      },
      {
        "text": "Fahrenheit",
        "alias": "unit",
        "meta": "@unit-temperature",
        "userDefined": true
      }
    ],
    "isTemplate": false,
    "count": 0,
    "updated": 0
  },
  {
    "id": "04d5d752-1c95-4c87-9578-7819dc04e475",
    "data": [
      {
        "text": "pronóstico del tiempo para ",
        "userDefined": false
      },
      {
        "text": "esta noche",
        "alias": "date-time",
        "meta": "@sys.date-time",
        "userDefined": true
      }
    ],
    "isTemplate": false,
    "count": 0,
    "updated": 0
  },
  {
    "id": "f9e08fb7-8cf8-491b-9c0e-bd98a340eb45",
    "data": [
      {
        "text": "pronóstico ",
        "userDefined": false
      },
      {
        "text": "del",
        "meta": "@sys.ignore",
        "userDefined": false
      },
      {
        "text": " tiempo",
        "userDefined": false
      }
    ],
    "isTemplate": false,
    "count": 0,
    "updated": 0
  },
  {
    "id": "252207b4-ed4c-402c-b5ff-1ded1eb81366",
    "data": [
      {
        "text": "muéstrame el tiempo para el ",
        "userDefined": false
      },
      {
        "text": "22 de agosto",
        "alias": "date-time",
        "meta": "@sys.date-time",
        "userDefined": true
      },
      {
        "text": " en ",
        "userDefined": false
      },
      {
        "text": "Centígrados",
        "alias": "unit",
        "meta": "@unit-temperature",
        "userDefined": true
      }
    ],
    "isTemplate": false,
    "count": 0,
    "updated": 0
  },
  {
    "id": "a053875b-621e-4407-9e28-d0f114d21278",
    "data": [
      {
        "text": "tiempo para la ",
        "userDefined": false
      },
      {
        "text": "próxima semana",
        "alias": "date-time",
        "meta": "@sys.date-time",
        "userDefined": true
      }
    ],
    "isTemplate": false,
    "count": 0,
    "updated": 0
  },
  {
    "id": "2ca03186-8910-4396-8e71-999dbdaab8a9",
    "data": [
      {
        "text": "qué tal estará el tiempo en ",
        "userDefined": false
      },
      {
        "text": "Benidorm",
        "alias": "address",
        "meta": "@sys.location",
        "userDefined": true
      },
      {
        "text": " ",
        "userDefined": false
      },
      {
        "text": "mañana a las 9",
        "alias": "date-time",
        "meta": "@sys.date-time",
        "userDefined": true
      }
    ],
    "isTemplate": false,
    "count": 0,
    "updated": 0
  },
  {
    "id": "f4b852c2-79e3-4385-bcc2-571e707c950b",
    "data": [
      {
        "text": "qué ",
        "userDefined": false
      },
      {
        "text": "tiempo",
        "meta": "@sys.ignore",
        "userDefined": true
      },
      {
        "text": " hace",
        "userDefined": false
      }
    ],
    "isTemplate": false,
    "count": 0,
    "updated": 0
  },
  {
    "id": "ef20d625-8a01-4fb0-874d-406c39a78900",
    "data": [
      {
        "text": "tiempo",
        "userDefined": false
      }
    ],
    "isTemplate": false,
    "count": 0,
    "updated": 0
  },
  {
    "id": "051f8ccb-792b-4e7e-9298-54943948eaff",
    "data": [
      {
        "text": "qué ",
        "userDefined": false
      },
      {
        "text": "tiempo",
        "meta": "@sys.ignore",
        "userDefined": true
      },
      {
        "text": " hace en ",
        "userDefined": false
      },
      {
        "text": "Valencia",
        "alias": "address",
        "meta": "@sys.location",
        "userDefined": true
      }
    ],
    "isTemplate": false,
    "count": 1,
    "updated": 0
  },
  {
    "id": "85aef261-d096-4137-9660-768fe6149114",
    "data": [
      {
        "text": "cómo está el clima",
        "userDefined": false
      }
    ],
    "isTemplate": false,
    "count": 0,
    "updated": 0
  },
  {
    "id": "6b63abf4-3458-471d-966a-a22bd1ac9f8f",
    "data": [
      {
        "text": "cómo va a estar el clima ",
        "userDefined": false
      },
      {
        "text": "mañana",
        "alias": "date-time",
        "meta": "@sys.date-time",
        "userDefined": true
      }
    ],
    "isTemplate": false,
    "count": 0,
    "updated": 0
  },
  {
    "id": "1f3c7362-a174-46df-97e7-d2419d51a141",
    "data": [
      {
        "text": "qué tiempo va a hacer ",
        "userDefined": false
      },
      {
        "text": "mañana",
        "alias": "date-time",
        "meta": "@sys.date-time",
        "userDefined": true
      }
    ],
    "isTemplate": false,
    "count": 0,
    "updated": 0
  },
  {
    "id": "eaa50386-4e51-4b75-92de-95f13926c5ad",
    "data": [
      {
        "text": "pronóstico del tiempo en ",
        "userDefined": false
      },
      {
        "text": "Madrid",
        "alias": "address",
        "meta": "@sys.location",
        "userDefined": true
      },
      {
        "text": " para ",
        "userDefined": false
      },
      {
        "text": "este finde",
        "alias": "date-time",
        "meta": "@sys.date-time",
        "userDefined": true
      }
    ],
    "isTemplate": false,
    "count": 0,
    "updated": 0
  },
  {
    "id": "58050660-f71e-402b-93eb-17a03339b821",
    "data": [
      {
        "text": "cuántos grados hace",
        "userDefined": false
      }
    ],
    "isTemplate": false,
    "count": 0,
    "updated": 0
  },
  {
    "id": "d6a65122-be4b-453f-b00a-916918a584ca",
    "data": [
      {
        "text": "cuántos grados ",
        "userDefined": false
      },
      {
        "text": "Celsius",
        "alias": "unit",
        "meta": "@unit-temperature",
        "userDefined": true
      },
      {
        "text": " hace ahora",
        "userDefined": false
      }
    ],
    "isTemplate": false,
    "count": 0,
    "updated": 0
  },
  {
    "id": "e7e33fe3-57cc-4142-b4bd-f7cb542379a1",
    "data": [
      {
        "text": "cómo",
        "meta": "@sys.ignore",
        "userDefined": true
      },
      {
        "text": " estará ",
        "userDefined": false
      },
      {
        "text": "el",
        "meta": "@sys.ignore",
        "userDefined": true
      },
      {
        "text": " clima en ",
        "userDefined": false
      },
      {
        "text": "Valladolid",
        "alias": "address",
        "meta": "@sys.location",
        "userDefined": true
      },
      {
        "text": " ",
        "userDefined": false
      },
      {
        "text": "este fin de semana",
        "alias": "date-time",
        "meta": "@sys.date-time",
        "userDefined": true
      }
    ],
    "isTemplate": false,
    "count": 0,
    "updated": 0
  },
  {
    "id": "cada2ec3-5e1c-4dd6-8213-b68516dbe8f9",
    "data": [
      {
        "text": "qué tiempo hace en ",
        "userDefined": false
      },
      {
        "text": "Nueva York",
        "alias": "address",
        "meta": "@sys.location",
        "userDefined": true
      },
      {
        "text": " ",
        "userDefined": false
      },
      {
        "text": "por la mañana",
        "alias": "date-time",
        "meta": "@sys.date-time",
        "userDefined": true
      }
    ],
    "isTemplate": false,
    "count": 1,
    "updated": 0
  },
  {
    "id": "e6fc82f6-70ee-4dff-9225-3ec755703098",
    "data": [
      {
        "text": "me",
        "meta": "@sys.ignore",
        "userDefined": true
      },
      {
        "text": " dices ",
        "userDefined": false
      },
      {
        "text": "cómo",
        "meta": "@sys.ignore",
        "userDefined": true
      },
      {
        "text": " está ",
        "userDefined": false
      },
      {
        "text": "el",
        "meta": "@sys.ignore",
        "userDefined": true
      },
      {
        "text": " clima",
        "userDefined": false
      }
    ],
    "isTemplate": false,
    "count": 0,
    "updated": 0
  },
  {
    "id": "621d4d3d-0e1a-4e82-8349-2a58ae4861ef",
    "data": [
      {
        "text": "dime cómo está el tiempo en ",
        "userDefined": false
      },
      {
        "text": "Estocolmo",
        "alias": "address",
        "meta": "@sys.location",
        "userDefined": true
      },
      {
        "text": " en grados ",
        "userDefined": false
      },
      {
        "text": "Fahrenheit",
        "alias": "unit",
        "meta": "@unit-temperature",
        "userDefined": true
      }
    ],
    "isTemplate": false,
    "count": 0,
    "updated": 0
  },
  {
    "id": "c23d1abd-ec40-4306-9359-2e5f2c89d1d5",
    "data": [
      {
        "text": "me puedes decir cómo está el clima",
        "userDefined": false
      }
    ],
    "isTemplate": false,
    "count": 0,
    "updated": 0
  },
  {
    "id": "50f00303-db33-4fd7-86d9-53a837e62cf6",
    "data": [
      {
        "text": "infórmame cómo está el clima en ",
        "userDefined": false
      },
      {
        "text": "Palo Alto",
        "alias": "address",
        "meta": "@sys.location",
        "userDefined": true
      }
    ],
    "isTemplate": false,
    "count": 0,
    "updated": 0
  },
  {
    "id": "1067deae-1e66-4277-b730-ec7f8445c40c",
    "data": [
      {
        "text": "informar sobre el clima en ",
        "userDefined": false
      },
      {
        "text": "Madrid",
        "alias": "address",
        "meta": "@sys.location",
        "userDefined": true
      }
    ],
    "isTemplate": false,
    "count": 0,
    "updated": 0
  },
  {
    "id": "ce754365-58b1-490b-9707-8bd1c9409723",
    "data": [
      {
        "text": "cómo estará el clima en ",
        "userDefined": false
      },
      {
        "text": "Valladolid",
        "alias": "address",
        "meta": "@sys.location",
        "userDefined": true
      },
      {
        "text": " ",
        "userDefined": false
      },
      {
        "text": "este finde",
        "alias": "date-time",
        "meta": "@sys.date-time",
        "userDefined": true
      }
    ],
    "isTemplate": false,
    "count": 0,
    "updated": 0
  },
  {
    "id": "29df5245-555b-4f70-a851-d8186c335bfc",
    "data": [
      {
        "text": "qué tiempo hace en ",
        "userDefined": false
      },
      {
        "text": "Nueva York",
        "alias": "address",
        "meta": "@sys.location",
        "userDefined": true
      },
      {
        "text": " ",
        "userDefined": false
      },
      {
        "text": "esta mañana",
        "alias": "date-time",
        "meta": "@sys.date-time",
        "userDefined": true
      }
    ],
    "isTemplate": false,
    "count": 1,
    "updated": 0
  },
  {
    "id": "422fd015-cbd5-4580-b4fa-ce215d84b911",
    "data": [
      {
        "text": "clima en ",
        "userDefined": false
      },
      {
        "text": "Caracas",
        "alias": "address",
        "meta": "@sys.location",
        "userDefined": true
      },
      {
        "text": " ",
        "userDefined": false
      },
      {
        "text": "hoy a las 6 de la tarde",
        "alias": "date-time",
        "meta": "@sys.date-time",
        "userDefined": true
      }
    ],
    "isTemplate": false,
    "count": 0,
    "updated": 0
  },
  {
    "id": "6a17abca-4c3e-4738-bc91-4ad24c9bd87d",
    "data": [
      {
        "text": "quiero saber sobre el clima ahora",
        "userDefined": false
      }
    ],
    "isTemplate": false,
    "count": 0,
    "updated": 0
  },
  {
    "id": "6345500f-75f4-4542-aefe-99205884c425",
    "data": [
      {
        "text": "me podrías decir cómo está el clima en ",
        "userDefined": false
      },
      {
        "text": "Paris",
        "alias": "address",
        "meta": "@sys.location",
        "userDefined": true
      }
    ],
    "isTemplate": false,
    "count": 0,
    "updated": 0
  },
  {
    "id": "136060b6-592f-4b95-8324-3b17cddbdd7c",
    "data": [
      {
        "text": "me",
        "meta": "@sys.ignore",
        "userDefined": true
      },
      {
        "text": " interesa saber ",
        "userDefined": false
      },
      {
        "text": "cómo",
        "meta": "@sys.ignore",
        "userDefined": true
      },
      {
        "text": " está ",
        "userDefined": false
      },
      {
        "text": "el",
        "meta": "@sys.ignore",
        "userDefined": true
      },
      {
        "text": " clima",
        "userDefined": false
      }
    ],
    "isTemplate": false,
    "count": 0,
    "updated": 0
  },
  {
    "id": "8f853e5c-7b14-4f20-acb2-0827734aa0da",
    "data": [
      {
        "text": "Nueva York",
        "alias": "address",
        "meta": "@sys.location",
        "userDefined": true
      },
      {
        "text": " clima",
        "userDefined": false
      }
    ],
    "isTemplate": false,
    "count": 0,
    "updated": 0
  },
  {
    "id": "96870d2d-0e94-491a-b39b-3ee877cf8475",
    "data": [
      {
        "text": "avísame cómo está el clima en ",
        "userDefined": false
      },
      {
        "text": "Moscú",
        "alias": "address",
        "meta": "@sys.location",
        "userDefined": true
      }
    ],
    "isTemplate": false,
    "count": 0,
    "updated": 0
  },
  {
    "id": "717874b7-729f-4702-932b-6bcd11ca9f02",
    "data": [
      {
        "text": "necesito saber cómo está el clima ahora",
        "userDefined": false
      }
    ],
    "isTemplate": false,
    "count": 0,
    "updated": 0
  },
  {
    "id": "caba6a03-e645-4538-be65-ff9a68a775d5",
    "data": [
      {
        "text": "cómo",
        "meta": "@sys.ignore",
        "userDefined": true
      },
      {
        "text": " está ",
        "userDefined": false
      },
      {
        "text": "el",
        "meta": "@sys.ignore",
        "userDefined": true
      },
      {
        "text": " clima en ",
        "userDefined": false
      },
      {
        "text": "Barcelona",
        "alias": "address",
        "meta": "@sys.location",
        "userDefined": true
      },
      {
        "text": "  ",
        "userDefined": false
      },
      {
        "text": "hoy",
        "alias": "date-time",
        "meta": "@sys.date-time",
        "userDefined": true
      }
    ],
    "isTemplate": false,
    "count": 1,
    "updated": 0
  }
]