[
  {
    "id": "58016d52-c7f0-4810-a3e2-8dc59f538703",
    "data": [
      {
        "text": "è una buona idea ",
        "userDefined": false
      },
      {
        "text": "fare un\u0027escursione",
        "alias": "activity",
        "meta": "@activity",
        "userDefined": true
      },
      {
        "text": " ",
        "userDefined": false
      },
      {
        "text": "domani",
        "alias": "date-time",
        "meta": "@sys.date-time",
        "userDefined": true
      }
    ],
    "isTemplate": false,
    "count": 0,
    "updated": 0
  },
  {
    "id": "32d637d9-aa27-49a4-96ab-f413cb07653f",
    "data": [
      {
        "text": "il tempo è abbastanza buono per ",
        "userDefined": false
      },
      {
        "text": "giocare a frisbee",
        "alias": "activity",
        "meta": "@activity",
        "userDefined": true
      },
      {
        "text": " fuori",
        "userDefined": false
      }
    ],
    "isTemplate": false,
    "count": 0,
    "updated": 0
  },
  {
    "id": "f0a41bec-0c3b-41a9-b949-50838c61255d",
    "data": [
      {
        "text": "posso andare a ",
        "userDefined": false
      },
      {
        "text": "sciare",
        "alias": "activity",
        "meta": "@activity",
        "userDefined": true
      }
    ],
    "isTemplate": false,
    "count": 0,
    "updated": 0
  },
  {
    "id": "2f39d3c5-eb04-4140-ae93-fc4d3ca47b90",
    "data": [
      {
        "text": "il tempo è buono per ",
        "userDefined": false
      },
      {
        "text": "sciare",
        "alias": "activity",
        "meta": "@activity",
        "userDefined": true
      }
    ],
    "isTemplate": false,
    "count": 0,
    "updated": 0
  },
  {
    "id": "90cc6e70-1e9f-4d14-ba35-268243a52dab",
    "data": [
      {
        "text": "la temperatura è buona per ",
        "userDefined": false
      },
      {
        "text": "andare in bici",
        "alias": "activity",
        "meta": "@activity",
        "userDefined": true
      }
    ],
    "isTemplate": false,
    "count": 0,
    "updated": 0
  },
  {
    "id": "bbc21655-1517-48f8-9b8e-b0decee10d4e",
    "data": [
      {
        "text": "posso ",
        "userDefined": false
      },
      {
        "text": "nuotare",
        "alias": "activity",
        "meta": "@activity",
        "userDefined": true
      }
    ],
    "isTemplate": false,
    "count": 0,
    "updated": 0
  },
  {
    "id": "02b9812b-70f8-43ed-bc1a-9d75d458520b",
    "data": [
      {
        "text": "posso ",
        "userDefined": false
      },
      {
        "text": "nuotare",
        "alias": "activity",
        "meta": "@activity",
        "userDefined": true
      },
      {
        "text": " ",
        "userDefined": false
      },
      {
        "text": "oggi",
        "alias": "date-time",
        "meta": "@sys.date-time",
        "userDefined": true
      }
    ],
    "isTemplate": false,
    "count": 0,
    "updated": 0
  },
  {
    "id": "6bc99df0-1cb8-4fe2-8611-fda4a7d4d218",
    "data": [
      {
        "text": "posso ",
        "userDefined": false
      },
      {
        "text": "nuotare",
        "alias": "activity",
        "meta": "@activity",
        "userDefined": true
      },
      {
        "text": " ",
        "userDefined": false
      },
      {
        "text": "oggi",
        "alias": "date-time",
        "meta": "@sys.date-time",
        "userDefined": true
      },
      {
        "text": " a ",
        "userDefined": false
      },
      {
        "text": "Londra",
        "alias": "address",
        "meta": "@sys.location",
        "userDefined": true
      }
    ],
    "isTemplate": false,
    "count": 0,
    "updated": 0
  },
  {
    "id": "cd66e3f4-0cf8-40f0-b990-a03374ce40e9",
    "data": [
      {
        "text": "andare a ",
        "userDefined": false
      },
      {
        "text": "sciare",
        "alias": "activity",
        "meta": "@activity",
        "userDefined": true
      },
      {
        "text": " ",
        "userDefined": false
      },
      {
        "text": "domani",
        "alias": "date-time",
        "meta": "@sys.date-time",
        "userDefined": true
      },
      {
        "text": " a ",
        "userDefined": false
      },
      {
        "text": "Napoli",
        "alias": "address",
        "meta": "@sys.location",
        "userDefined": true
      }
    ],
    "isTemplate": false,
    "count": 0,
    "updated": 0
  }
]