[
  {
    "id": "cbb4c0a9-9f53-4d7a-9e03-0fcfc7c9b14e",
    "data": [
      {
        "text": "e la ",
        "userDefined": false
      },
      {
        "text": "pioggia",
        "alias": "condition",
        "meta": "@weather-condition",
        "userDefined": true
      }
    ],
    "isTemplate": false,
    "count": 0,
    "updated": 0
  },
  {
    "id": "f0138e6d-28ba-43c7-8ced-e5945e6faa75",
    "data": [
      {
        "text": "e le ",
        "userDefined": false
      },
      {
        "text": "nuvole",
        "alias": "condition",
        "meta": "@weather-condition",
        "userDefined": true
      }
    ],
    "isTemplate": false,
    "count": 0,
    "updated": 0
  },
  {
    "id": "1830a019-2980-4f33-850f-ad9e07773ac1",
    "data": [
      {
        "text": "e ",
        "userDefined": false
      },
      {
        "text": "nevicherà",
        "alias": "condition",
        "meta": "@weather-condition",
        "userDefined": true
      }
    ],
    "isTemplate": false,
    "count": 0,
    "updated": 0
  }
]