[
  {
    "id": "397fc9cd-ffb9-4d64-b4a7-41cf0ac587fc",
    "data": [
      {
        "text": "我还很想",
        "userDefined": false
      },
      {
        "text": "阵雪",
        "alias": "condition",
        "meta": "@weather-condition",
        "userDefined": false
      }
    ],
    "isTemplate": false,
    "count": 0,
    "updated": 0
  },
  {
    "id": "8ddd1947-b445-4af4-ab0e-c5b6613962a8",
    "data": [
      {
        "text": "还需要",
        "userDefined": false
      },
      {
        "text": "晴朗",
        "alias": "condition",
        "meta": "@weather-condition",
        "userDefined": false
      }
    ],
    "isTemplate": false,
    "count": 0,
    "updated": 0
  },
  {
    "id": "a75a4691-5d43-4658-80d3-92d47a35c16d",
    "data": [
      {
        "text": "还能不能",
        "userDefined": false
      },
      {
        "text": "太阳",
        "alias": "condition",
        "meta": "@weather-condition",
        "userDefined": false
      }
    ],
    "isTemplate": false,
    "count": 0,
    "updated": 0
  },
  {
    "id": "376681c2-6d91-4e81-8e23-49283c12c2a2",
    "data": [
      {
        "text": "能不能",
        "userDefined": false
      },
      {
        "text": "雷暴",
        "alias": "condition",
        "meta": "@weather-condition",
        "userDefined": false
      }
    ],
    "isTemplate": false,
    "count": 0,
    "updated": 0
  },
  {
    "id": "817549e6-95f1-40f1-80dc-ac0905dcf917",
    "data": [
      {
        "text": "怎么能",
        "userDefined": false
      },
      {
        "text": "雷雨",
        "alias": "condition",
        "meta": "@weather-condition",
        "userDefined": false
      }
    ],
    "isTemplate": false,
    "count": 0,
    "updated": 0
  },
  {
    "id": "633c7732-24aa-4524-9d30-9eb1f297283e",
    "data": [
      {
        "text": "会不会",
        "userDefined": false
      },
      {
        "text": "多云",
        "alias": "condition",
        "meta": "@weather-condition",
        "userDefined": false
      }
    ],
    "isTemplate": false,
    "count": 0,
    "updated": 0
  },
  {
    "id": "4585dee5-47a6-4c7f-8472-4e8655c86117",
    "data": [
      {
        "text": "我还要",
        "userDefined": false
      },
      {
        "text": "细雨",
        "alias": "condition",
        "meta": "@weather-condition",
        "userDefined": false
      }
    ],
    "isTemplate": false,
    "count": 0,
    "updated": 0
  },
  {
    "id": "51580d3b-b766-41b2-8888-8554b2f4cb3b",
    "data": [
      {
        "text": "现在",
        "userDefined": false
      },
      {
        "text": "下雨",
        "alias": "condition",
        "meta": "@weather-condition",
        "userDefined": false
      }
    ],
    "isTemplate": false,
    "count": 0,
    "updated": 0
  },
  {
    "id": "0f76d5d0-90ea-4463-ada7-0f3e3e31a454",
    "data": [
      {
        "text": "关于",
        "userDefined": false
      },
      {
        "text": "风",
        "alias": "condition",
        "meta": "@weather-condition",
        "userDefined": false
      }
    ],
    "isTemplate": false,
    "count": 0,
    "updated": 0
  },
  {
    "id": "bd0e1694-e4b2-411a-8e55-04be894ba05b",
    "data": [
      {
        "text": "还要",
        "userDefined": false
      },
      {
        "text": "多风",
        "alias": "condition",
        "meta": "@weather-condition",
        "userDefined": false
      }
    ],
    "isTemplate": false,
    "count": 0,
    "updated": 0
  },
  {
    "id": "0664d561-cd99-4cb4-a867-77fd43c2887f",
    "data": [
      {
        "text": "烟雾",
        "alias": "condition",
        "meta": "@weather-condition",
        "userDefined": false
      },
      {
        "text": "呢",
        "userDefined": false
      }
    ],
    "isTemplate": false,
    "count": 1,
    "updated": 0
  }
]