[
  {
    "id": "b919fadb-9ff9-4235-8032-0897c24a67fb",
    "data": [
      {
        "text": "dis-moi ",
        "userDefined": false
      },
      {
        "text": "la",
        "meta": "@sys.ignore",
        "userDefined": true
      },
      {
        "text": " météo à ",
        "userDefined": false
      },
      {
        "text": "Moscou",
        "alias": "address",
        "meta": "@sys.location",
        "userDefined": true
      },
      {
        "text": " pour ",
        "userDefined": false
      },
      {
        "text": "demain",
        "alias": "date-time",
        "meta": "@sys.date-time",
        "userDefined": true
      }
    ],
    "isTemplate": false,
    "count": 1,
    "updated": 0
  },
  {
    "id": "5aebb89d-7de9-47bf-a73f-666e387e29b7",
    "data": [
      {
        "text": "les",
        "meta": "@sys.ignore",
        "userDefined": true
      },
      {
        "text": " prévisions météo pour ",
        "userDefined": false
      },
      {
        "text": "Paris",
        "alias": "address",
        "meta": "@sys.location",
        "userDefined": true
      }
    ],
    "isTemplate": false,
    "count": 3,
    "updated": 0
  },
  {
    "id": "59a2a20b-0447-45f6-a3c0-c49dcb059999",
    "data": [
      {
        "text": "quel ",
        "userDefined": false
      },
      {
        "text": "temps",
        "meta": "@sys.ignore",
        "userDefined": true
      },
      {
        "text": " fait-il à ",
        "userDefined": false
      },
      {
        "text": "Paris",
        "alias": "address",
        "meta": "@sys.location",
        "userDefined": true
      }
    ],
    "isTemplate": false,
    "count": 4,
    "updated": 0
  },
  {
    "id": "e4d2abe3-8765-4283-9200-354d37424f3e",
    "data": [
      {
        "text": "le temps",
        "meta": "@sys.ignore",
        "userDefined": true
      },
      {
        "text": " à ",
        "userDefined": false
      },
      {
        "text": "Paris",
        "alias": "address",
        "meta": "@sys.location",
        "userDefined": true
      }
    ],
    "isTemplate": false,
    "count": 2,
    "updated": 0
  },
  {
    "id": "c82297c4-2e47-4fb4-bcff-f195dd1754ed",
    "data": [
      {
        "text": "quel ",
        "userDefined": false
      },
      {
        "text": "est",
        "meta": "@sys.ignore",
        "userDefined": true
      },
      {
        "text": " ",
        "userDefined": false
      },
      {
        "text": "le temps",
        "meta": "@sys.ignore",
        "userDefined": true
      },
      {
        "text": " à ",
        "userDefined": false
      },
      {
        "text": "Paris",
        "alias": "address",
        "meta": "@sys.location",
        "userDefined": true
      }
    ],
    "isTemplate": false,
    "count": 4,
    "updated": 0
  },
  {
    "id": "4048061e-fda8-4b55-a263-425a9c64c475",
    "data": [
      {
        "text": "peux-tu ",
        "userDefined": false
      },
      {
        "text": "m",
        "meta": "@sys.ignore",
        "userDefined": true
      },
      {
        "text": "\u0027afficher ",
        "userDefined": false
      },
      {
        "text": "la",
        "meta": "@sys.ignore",
        "userDefined": true
      },
      {
        "text": " météo de ",
        "userDefined": false
      },
      {
        "text": "Paris",
        "alias": "address",
        "meta": "@sys.location",
        "userDefined": true
      }
    ],
    "isTemplate": false,
    "count": 1,
    "updated": 0
  },
  {
    "id": "07912ef4-23fb-4a6e-b5ce-4f5505b6b443",
    "data": [
      {
        "text": "montre-moi quel ",
        "userDefined": false
      },
      {
        "text": "temps",
        "meta": "@sys.ignore",
        "userDefined": true
      },
      {
        "text": " ",
        "userDefined": false
      },
      {
        "text": "il",
        "meta": "@sys.ignore",
        "userDefined": true
      },
      {
        "text": " fait à ",
        "userDefined": false
      },
      {
        "text": "Paris",
        "alias": "address",
        "meta": "@sys.location",
        "userDefined": true
      }
    ],
    "isTemplate": false,
    "count": 1,
    "updated": 0
  },
  {
    "id": "42bb09fa-03be-4e02-9faf-10cc59fc4901",
    "data": [
      {
        "text": "le temps",
        "meta": "@sys.ignore",
        "userDefined": true
      },
      {
        "text": " sur ",
        "userDefined": false
      },
      {
        "text": "Paris",
        "alias": "address",
        "meta": "@sys.location",
        "userDefined": true
      }
    ],
    "isTemplate": false,
    "count": 1,
    "updated": 0
  },
  {
    "id": "40753b63-4b25-4d36-a652-cfa95d3a18ae",
    "data": [
      {
        "text": "prévisions météo ",
        "userDefined": false
      },
      {
        "text": "Paris",
        "alias": "address",
        "meta": "@sys.location",
        "userDefined": true
      }
    ],
    "isTemplate": false,
    "count": 3,
    "updated": 0
  },
  {
    "id": "50fc8479-c151-4892-84db-38a9bff67d11",
    "data": [
      {
        "text": "quel temps fera-t-il à ",
        "userDefined": false
      },
      {
        "text": "Paris",
        "alias": "address",
        "meta": "@sys.location",
        "userDefined": true
      },
      {
        "text": " ",
        "userDefined": false
      },
      {
        "text": "demain",
        "alias": "date-time",
        "meta": "@sys.date-time",
        "userDefined": true
      }
    ],
    "isTemplate": false,
    "count": 1,
    "updated": 0
  },
  {
    "id": "238c7b94-6933-444e-a974-8d5560c72504",
    "data": [
      {
        "text": "pourrais-tu ",
        "userDefined": false
      },
      {
        "text": "me",
        "meta": "@sys.ignore",
        "userDefined": true
      },
      {
        "text": " donner ",
        "userDefined": false
      },
      {
        "text": "la",
        "meta": "@sys.ignore",
        "userDefined": true
      },
      {
        "text": " météo ",
        "userDefined": false
      },
      {
        "text": "sur",
        "meta": "@sys.ignore",
        "userDefined": true
      },
      {
        "text": " ",
        "userDefined": false
      },
      {
        "text": "Cagny",
        "alias": "address",
        "meta": "@sys.location",
        "userDefined": true
      }
    ],
    "isTemplate": false,
    "count": 1,
    "updated": 0
  },
  {
    "id": "29f5b294-aa52-45b2-82a2-9d588deb7ed8",
    "data": [
      {
        "text": "quelle ",
        "userDefined": false
      },
      {
        "text": "est",
        "meta": "@sys.ignore",
        "userDefined": true
      },
      {
        "text": " ",
        "userDefined": false
      },
      {
        "text": "la",
        "meta": "@sys.ignore",
        "userDefined": true
      },
      {
        "text": " météo à ",
        "userDefined": false
      },
      {
        "text": "Carcassonne",
        "alias": "address",
        "meta": "@sys.location",
        "userDefined": true
      },
      {
        "text": " ",
        "userDefined": false
      },
      {
        "text": "demain",
        "alias": "date-time",
        "meta": "@sys.date-time",
        "userDefined": true
      }
    ],
    "isTemplate": false,
    "count": 2,
    "updated": 0
  },
  {
    "id": "40a0ff34-e8cd-4080-95b7-e3d88997ebdb",
    "data": [
      {
        "text": "quel ",
        "userDefined": false
      },
      {
        "text": "temps",
        "meta": "@sys.ignore",
        "userDefined": true
      },
      {
        "text": " ",
        "userDefined": false
      },
      {
        "text": "est",
        "meta": "@sys.ignore",
        "userDefined": true
      },
      {
        "text": " prévu ",
        "userDefined": false
      },
      {
        "text": "aujourd\u0027hui",
        "alias": "date-time",
        "meta": "@sys.date-time",
        "userDefined": true
      }
    ],
    "isTemplate": false,
    "count": 2,
    "updated": 0
  },
  {
    "id": "0263a12a-f5b4-4589-9705-99798e906ea2",
    "data": [
      {
        "text": "peux-tu ",
        "userDefined": false
      },
      {
        "text": "me",
        "meta": "@sys.ignore",
        "userDefined": true
      },
      {
        "text": " dire quel ",
        "userDefined": false
      },
      {
        "text": "temps",
        "meta": "@sys.ignore",
        "userDefined": true
      },
      {
        "text": " ",
        "userDefined": false
      },
      {
        "text": "il",
        "meta": "@sys.ignore",
        "userDefined": true
      },
      {
        "text": " fait",
        "userDefined": false
      }
    ],
    "isTemplate": false,
    "count": 0,
    "updated": 0
  },
  {
    "id": "6ac5ed6c-57ba-4d71-9cd4-63803979804b",
    "data": [
      {
        "text": "quelle ",
        "userDefined": false
      },
      {
        "text": "est",
        "meta": "@sys.ignore",
        "userDefined": true
      },
      {
        "text": " ",
        "userDefined": false
      },
      {
        "text": "la",
        "meta": "@sys.ignore",
        "userDefined": true
      },
      {
        "text": " météo pour ",
        "userDefined": false
      },
      {
        "text": "aujourd\u0027hui",
        "alias": "date-time",
        "meta": "@sys.date-time",
        "userDefined": true
      }
    ],
    "isTemplate": false,
    "count": 0,
    "updated": 0
  },
  {
    "id": "4f2bde81-fc9e-4592-89af-43062d4c8323",
    "data": [
      {
        "text": "quelle ",
        "userDefined": false
      },
      {
        "text": "est",
        "meta": "@sys.ignore",
        "userDefined": true
      },
      {
        "text": " ",
        "userDefined": false
      },
      {
        "text": "la",
        "meta": "@sys.ignore",
        "userDefined": true
      },
      {
        "text": " météo ",
        "userDefined": false
      },
      {
        "text": "s",
        "meta": "@sys.ignore",
        "userDefined": true
      },
      {
        "text": "\u0027",
        "userDefined": false
      },
      {
        "text": "il",
        "meta": "@sys.ignore",
        "userDefined": true
      },
      {
        "text": " te plaît",
        "userDefined": false
      }
    ],
    "isTemplate": false,
    "count": 0,
    "updated": 0
  },
  {
    "id": "e5e41e55-ffe9-4e54-934b-588e4a11f1af",
    "data": [
      {
        "text": "quelle ",
        "userDefined": false
      },
      {
        "text": "est",
        "meta": "@sys.ignore",
        "userDefined": true
      },
      {
        "text": " ",
        "userDefined": false
      },
      {
        "text": "la",
        "meta": "@sys.ignore",
        "userDefined": true
      },
      {
        "text": " météo d\u0027",
        "userDefined": false
      },
      {
        "text": "aujourd\u0027hui",
        "alias": "date-time",
        "meta": "@sys.date-time",
        "userDefined": true
      }
    ],
    "isTemplate": false,
    "count": 0,
    "updated": 0
  },
  {
    "id": "91286a15-aeb4-4c45-a328-ad248f1f4050",
    "data": [
      {
        "text": "prévisions météo ",
        "userDefined": false
      },
      {
        "text": "Bordeaux",
        "alias": "address",
        "meta": "@sys.location",
        "userDefined": true
      }
    ],
    "isTemplate": false,
    "count": 0,
    "updated": 0
  },
  {
    "id": "9fd86701-1b00-40ea-a78e-aba164f65a20",
    "data": [
      {
        "text": "j\u0027aimerais",
        "meta": "@sys.ignore",
        "userDefined": true
      },
      {
        "text": " avoir ",
        "userDefined": false
      },
      {
        "text": "la",
        "meta": "@sys.ignore",
        "userDefined": true
      },
      {
        "text": " météo d\u0027",
        "userDefined": false
      },
      {
        "text": "aujourd\u0027hui",
        "alias": "date-time",
        "meta": "@sys.date-time",
        "userDefined": true
      },
      {
        "text": " ",
        "userDefined": false
      },
      {
        "text": "s",
        "meta": "@sys.ignore",
        "userDefined": true
      },
      {
        "text": "\u0027",
        "userDefined": false
      },
      {
        "text": "il",
        "meta": "@sys.ignore",
        "userDefined": true
      },
      {
        "text": " te plaît",
        "userDefined": false
      }
    ],
    "isTemplate": false,
    "count": 0,
    "updated": 0
  },
  {
    "id": "56e9cc72-1e33-46cd-9725-89ca8c1c31da",
    "data": [
      {
        "text": "tu peux me montrer la météo d\u0027",
        "userDefined": false
      },
      {
        "text": "aujourd\u0027hui",
        "alias": "date-time",
        "meta": "@sys.date-time",
        "userDefined": true
      },
      {
        "text": " ici",
        "userDefined": false
      }
    ],
    "isTemplate": false,
    "count": 1,
    "updated": 0
  },
  {
    "id": "bb24b97c-7b7b-448f-8547-1f3408a73287",
    "data": [
      {
        "text": "météo à ",
        "userDefined": false
      },
      {
        "text": "Strasbourg",
        "alias": "address",
        "meta": "@sys.location",
        "userDefined": true
      }
    ],
    "isTemplate": false,
    "count": 0,
    "updated": 0
  },
  {
    "id": "c9c2e9a7-b535-4d09-92aa-e557ab7fb99f",
    "data": [
      {
        "text": "quel ",
        "userDefined": false
      },
      {
        "text": "temps",
        "meta": "@sys.ignore",
        "userDefined": true
      },
      {
        "text": " fera ",
        "userDefined": false
      },
      {
        "text": "demain",
        "alias": "date-time",
        "meta": "@sys.date-time",
        "userDefined": true
      }
    ],
    "isTemplate": false,
    "count": 0,
    "updated": 0
  },
  {
    "id": "b8c40515-9396-4d24-b475-91df7ac009dc",
    "data": [
      {
        "text": "météo ",
        "userDefined": false
      },
      {
        "text": "pour la semaine",
        "alias": "date-time",
        "meta": "@sys.date-time",
        "userDefined": true
      }
    ],
    "isTemplate": false,
    "count": 0,
    "updated": 0
  },
  {
    "id": "8004665b-b7b3-4320-a580-49349f95d1da",
    "data": [
      {
        "text": "météo ",
        "userDefined": false
      },
      {
        "text": "de",
        "meta": "@sys.ignore",
        "userDefined": true
      },
      {
        "text": " ",
        "userDefined": false
      },
      {
        "text": "aujourd\u0027hui",
        "alias": "date-time",
        "meta": "@sys.date-time",
        "userDefined": true
      },
      {
        "text": " pour ",
        "userDefined": false
      },
      {
        "text": "Bruxelles",
        "alias": "address",
        "meta": "@sys.location",
        "userDefined": true
      }
    ],
    "isTemplate": false,
    "count": 0,
    "updated": 0
  },
  {
    "id": "5db037b4-09f0-45d2-8aa0-c04a008b217d",
    "data": [
      {
        "text": "la",
        "meta": "@sys.ignore",
        "userDefined": true
      },
      {
        "text": " météo pour ",
        "userDefined": false
      },
      {
        "text": "Alger",
        "alias": "address",
        "meta": "@sys.location",
        "userDefined": true
      },
      {
        "text": " ",
        "userDefined": false
      },
      {
        "text": "aujourd\u0027hui",
        "alias": "date-time",
        "meta": "@sys.date-time",
        "userDefined": true
      }
    ],
    "isTemplate": false,
    "count": 0,
    "updated": 0
  },
  {
    "id": "0ce081f7-0ca0-4c29-97a8-6c7b85913a3c",
    "data": [
      {
        "text": "maintenant",
        "meta": "@sys.ignore",
        "userDefined": true
      },
      {
        "text": " ",
        "userDefined": false
      },
      {
        "text": "la",
        "meta": "@sys.ignore",
        "userDefined": true
      },
      {
        "text": " météo",
        "userDefined": false
      }
    ],
    "isTemplate": false,
    "count": 1,
    "updated": 0
  },
  {
    "id": "1eda4a81-2518-4820-8426-0396b02cd3ca",
    "data": [
      {
        "text": "bonjour",
        "meta": "@sys.ignore",
        "userDefined": true
      },
      {
        "text": " ",
        "userDefined": false
      },
      {
        "text": "la",
        "meta": "@sys.ignore",
        "userDefined": true
      },
      {
        "text": " meteo ",
        "userDefined": false
      },
      {
        "text": "sur",
        "meta": "@sys.ignore",
        "userDefined": true
      },
      {
        "text": " ",
        "userDefined": false
      },
      {
        "text": "Reims",
        "alias": "address",
        "meta": "@sys.location",
        "userDefined": true
      },
      {
        "text": " ",
        "userDefined": false
      },
      {
        "text": "cette semaine",
        "meta": "@sys.ignore",
        "userDefined": true
      }
    ],
    "isTemplate": false,
    "count": 0,
    "updated": 0
  },
  {
    "id": "d9902c06-47ac-46b2-9fcd-bc01c61d1369",
    "data": [
      {
        "text": "dis ",
        "userDefined": false
      },
      {
        "text": "moi",
        "meta": "@sys.ignore",
        "userDefined": true
      },
      {
        "text": " ",
        "userDefined": false
      },
      {
        "text": "la",
        "meta": "@sys.ignore",
        "userDefined": true
      },
      {
        "text": " météo du ",
        "userDefined": false
      },
      {
        "text": "Havre",
        "alias": "address",
        "meta": "@sys.location",
        "userDefined": true
      }
    ],
    "isTemplate": false,
    "count": 0,
    "updated": 0
  },
  {
    "id": "8a03b8af-fd49-44c5-bcbd-b69e4320f247",
    "data": [
      {
        "text": "quelle ",
        "userDefined": false
      },
      {
        "text": "est",
        "meta": "@sys.ignore",
        "userDefined": true
      },
      {
        "text": " ",
        "userDefined": false
      },
      {
        "text": "la",
        "meta": "@sys.ignore",
        "userDefined": true
      },
      {
        "text": " météo ",
        "userDefined": false
      },
      {
        "text": "de",
        "meta": "@sys.ignore",
        "userDefined": true
      },
      {
        "text": " ",
        "userDefined": false
      },
      {
        "text": "Libreville",
        "alias": "address",
        "meta": "@sys.location",
        "userDefined": true
      }
    ],
    "isTemplate": false,
    "count": 0,
    "updated": 0
  },
  {
    "id": "d6771a00-a1dd-43f5-952b-a445c673da06",
    "data": [
      {
        "text": "Il",
        "meta": "@sys.ignore",
        "userDefined": true
      },
      {
        "text": " fait quel ",
        "userDefined": false
      },
      {
        "text": "temps",
        "meta": "@sys.ignore",
        "userDefined": true
      },
      {
        "text": " à ",
        "userDefined": false
      },
      {
        "text": "Lyon",
        "alias": "address",
        "meta": "@sys.location",
        "userDefined": true
      },
      {
        "text": " ",
        "userDefined": false
      },
      {
        "text": "aujourd\u0027hui",
        "alias": "date-time",
        "meta": "@sys.date-time",
        "userDefined": true
      }
    ],
    "isTemplate": false,
    "count": 0,
    "updated": 0
  },
  {
    "id": "dfc11ce7-f9bd-4728-a1be-f1842d8376fa",
    "data": [
      {
        "text": "quel ",
        "userDefined": false
      },
      {
        "text": "est",
        "meta": "@sys.ignore",
        "userDefined": true
      },
      {
        "text": " ",
        "userDefined": false
      },
      {
        "text": "le temps",
        "meta": "@sys.ignore",
        "userDefined": true
      },
      {
        "text": " à ",
        "userDefined": false
      },
      {
        "text": "Pénestin",
        "alias": "address",
        "meta": "@sys.location",
        "userDefined": true
      }
    ],
    "isTemplate": false,
    "count": 0,
    "updated": 0
  },
  {
    "id": "1fa04093-28c4-4fda-81b1-44b20831c712",
    "data": [
      {
        "text": "prévisions météorologiques pour ",
        "userDefined": false
      },
      {
        "text": "Calimera",
        "alias": "address",
        "meta": "@sys.location",
        "userDefined": true
      }
    ],
    "isTemplate": false,
    "count": 0,
    "updated": 0
  },
  {
    "id": "11dfddc8-e530-4e96-8916-52347bb70f7b",
    "data": [
      {
        "text": "météo à ",
        "userDefined": false
      },
      {
        "text": "Marseille",
        "alias": "address",
        "meta": "@sys.location",
        "userDefined": true
      },
      {
        "text": " pour ",
        "userDefined": false
      },
      {
        "text": "aujourd\u0027hui",
        "alias": "date-time",
        "meta": "@sys.date-time",
        "userDefined": true
      }
    ],
    "isTemplate": false,
    "count": 0,
    "updated": 0
  },
  {
    "id": "58c50a48-3168-48ad-99a4-af914cd99893",
    "data": [
      {
        "text": "tu peux ",
        "userDefined": false
      },
      {
        "text": "me",
        "meta": "@sys.ignore",
        "userDefined": true
      },
      {
        "text": " donner ",
        "userDefined": false
      },
      {
        "text": "la",
        "meta": "@sys.ignore",
        "userDefined": true
      },
      {
        "text": " météo",
        "userDefined": false
      }
    ],
    "isTemplate": false,
    "count": 0,
    "updated": 0
  },
  {
    "id": "571810ac-d6cd-4da2-849f-ae357d2f22d2",
    "data": [
      {
        "text": "je",
        "meta": "@sys.ignore",
        "userDefined": true
      },
      {
        "text": " voudrais ",
        "userDefined": false
      },
      {
        "text": "savoir",
        "meta": "@sys.ignore",
        "userDefined": true
      },
      {
        "text": " ",
        "userDefined": false
      },
      {
        "text": "le temps",
        "meta": "@sys.ignore",
        "userDefined": true
      },
      {
        "text": " qu\u0027",
        "userDefined": false
      },
      {
        "text": "il",
        "meta": "@sys.ignore",
        "userDefined": true
      },
      {
        "text": " fait à ",
        "userDefined": false
      },
      {
        "text": "Lescar",
        "alias": "address",
        "meta": "@sys.location",
        "userDefined": true
      }
    ],
    "isTemplate": false,
    "count": 0,
    "updated": 0
  },
  {
    "id": "5162255c-bf27-4575-8394-61d79ebea8ad",
    "data": [
      {
        "text": "quelle ",
        "userDefined": false
      },
      {
        "text": "est",
        "meta": "@sys.ignore",
        "userDefined": true
      },
      {
        "text": " ",
        "userDefined": false
      },
      {
        "text": "la",
        "meta": "@sys.ignore",
        "userDefined": true
      },
      {
        "text": " météo pour ",
        "userDefined": false
      },
      {
        "text": "aujourd\u0027hui",
        "alias": "date-time",
        "meta": "@sys.date-time",
        "userDefined": true
      },
      {
        "text": " pour ",
        "userDefined": false
      },
      {
        "text": "Bayeux",
        "alias": "address",
        "meta": "@sys.location",
        "userDefined": true
      }
    ],
    "isTemplate": false,
    "count": 1,
    "updated": 0
  },
  {
    "id": "5907147e-6c1f-45d1-bff8-26dd778d429e",
    "data": [
      {
        "text": "la",
        "meta": "@sys.ignore",
        "userDefined": true
      },
      {
        "text": " météo ",
        "userDefined": false
      },
      {
        "text": "s",
        "meta": "@sys.ignore",
        "userDefined": true
      },
      {
        "text": "\u0027",
        "userDefined": false
      },
      {
        "text": "il",
        "meta": "@sys.ignore",
        "userDefined": true
      },
      {
        "text": " vous plaît",
        "userDefined": false
      }
    ],
    "isTemplate": false,
    "count": 0,
    "updated": 0
  },
  {
    "id": "adc1312b-6c2c-4820-94a0-fcab4657fe1f",
    "data": [
      {
        "text": "s",
        "meta": "@sys.ignore",
        "userDefined": true
      },
      {
        "text": "\u0027",
        "userDefined": false
      },
      {
        "text": "il",
        "meta": "@sys.ignore",
        "userDefined": true
      },
      {
        "text": " te plaît ",
        "userDefined": false
      },
      {
        "text": "la",
        "meta": "@sys.ignore",
        "userDefined": true
      },
      {
        "text": " météo à ",
        "userDefined": false
      },
      {
        "text": "Marrakech",
        "alias": "address",
        "meta": "@sys.location",
        "userDefined": true
      }
    ],
    "isTemplate": false,
    "count": 0,
    "updated": 0
  },
  {
    "id": "136445db-fe94-45ef-b588-b589e2dd72ca",
    "data": [
      {
        "text": "tu peux ",
        "userDefined": false
      },
      {
        "text": "me",
        "meta": "@sys.ignore",
        "userDefined": true
      },
      {
        "text": " dicter ",
        "userDefined": false
      },
      {
        "text": "la",
        "meta": "@sys.ignore",
        "userDefined": true
      },
      {
        "text": " météo pour ",
        "userDefined": false
      },
      {
        "text": "demain",
        "alias": "date-time",
        "meta": "@sys.date-time",
        "userDefined": true
      }
    ],
    "isTemplate": false,
    "count": 0,
    "updated": 0
  },
  {
    "id": "70075d96-a813-437b-a857-ebd182e65ae6",
    "data": [
      {
        "text": "quelle ",
        "userDefined": false
      },
      {
        "text": "est",
        "meta": "@sys.ignore",
        "userDefined": true
      },
      {
        "text": " ",
        "userDefined": false
      },
      {
        "text": "la",
        "meta": "@sys.ignore",
        "userDefined": true
      },
      {
        "text": " météo à ",
        "userDefined": false
      },
      {
        "text": "Nevers",
        "alias": "address",
        "meta": "@sys.location",
        "userDefined": true
      }
    ],
    "isTemplate": false,
    "count": 0,
    "updated": 0
  },
  {
    "id": "d23cb222-283e-4a1f-9d2f-7bbb335cdd50",
    "data": [
      {
        "text": "météo à ",
        "userDefined": false
      },
      {
        "text": "New York",
        "alias": "address",
        "meta": "@sys.location",
        "userDefined": false
      },
      {
        "text": " ",
        "userDefined": false
      },
      {
        "text": "ce matin",
        "alias": "date-time",
        "meta": "@sys.date-time",
        "userDefined": false
      }
    ],
    "isTemplate": false,
    "count": 1,
    "updated": 0
  },
  {
    "id": "1872541a-39b4-40ad-bd96-96d25310bbd1",
    "data": [
      {
        "text": "prévisions météo ",
        "userDefined": false
      },
      {
        "text": "de la semaine",
        "alias": "date-time",
        "meta": "@sys.date-time",
        "userDefined": true
      }
    ],
    "isTemplate": false,
    "count": 0,
    "updated": 0
  },
  {
    "id": "45ca970a-7cd7-4ee2-8ac1-6a95414aa75e",
    "data": [
      {
        "text": "quelle météo à ",
        "userDefined": false
      },
      {
        "text": "Dakar",
        "alias": "address",
        "meta": "@sys.location",
        "userDefined": true
      },
      {
        "text": " ",
        "userDefined": false
      },
      {
        "text": "ce soir",
        "meta": "@sys.ignore",
        "userDefined": true
      }
    ],
    "isTemplate": false,
    "count": 0,
    "updated": 0
  },
  {
    "id": "b533c546-3846-4d74-ab81-194b95d28433",
    "data": [
      {
        "text": "les",
        "meta": "@sys.ignore",
        "userDefined": true
      },
      {
        "text": " prévisions météo pour ",
        "userDefined": false
      },
      {
        "text": "la",
        "meta": "@sys.ignore",
        "userDefined": true
      },
      {
        "text": " ",
        "userDefined": false
      },
      {
        "text": "Sarthe",
        "alias": "address",
        "meta": "@sys.location",
        "userDefined": true
      }
    ],
    "isTemplate": false,
    "count": 0,
    "updated": 0
  },
  {
    "id": "1ef54436-377b-4b3f-ad6c-ac5bdc7a8633",
    "data": [
      {
        "text": "les",
        "meta": "@sys.ignore",
        "userDefined": true
      },
      {
        "text": " prévisions météo pour ",
        "userDefined": false
      },
      {
        "text": "Le Mans",
        "alias": "address",
        "meta": "@sys.location",
        "userDefined": true
      }
    ],
    "isTemplate": false,
    "count": 0,
    "updated": 0
  },
  {
    "id": "3931836e-bfce-4322-b1d8-d5d0253eb8f8",
    "data": [
      {
        "text": "il",
        "meta": "@sys.ignore",
        "userDefined": true
      },
      {
        "text": " ",
        "userDefined": false
      },
      {
        "text": "va",
        "meta": "@sys.ignore",
        "userDefined": true
      },
      {
        "text": " faire quel ",
        "userDefined": false
      },
      {
        "text": "temps",
        "meta": "@sys.ignore",
        "userDefined": true
      },
      {
        "text": " ",
        "userDefined": false
      },
      {
        "text": "demain",
        "alias": "date-time",
        "meta": "@sys.date-time",
        "userDefined": true
      }
    ],
    "isTemplate": false,
    "count": 0,
    "updated": 0
  },
  {
    "id": "1dc17327-addc-47eb-b477-ce306b043b23",
    "data": [
      {
        "text": "dis-moi",
        "meta": "@sys.ignore",
        "userDefined": true
      },
      {
        "text": " ",
        "userDefined": false
      },
      {
        "text": "la",
        "meta": "@sys.ignore",
        "userDefined": true
      },
      {
        "text": " météo",
        "userDefined": false
      }
    ],
    "isTemplate": false,
    "count": 0,
    "updated": 0
  },
  {
    "id": "5f8e12df-5bd6-422b-b0be-09e3d5d4e9f2",
    "data": [
      {
        "text": "météo pour ",
        "userDefined": false
      },
      {
        "text": "Drummondville",
        "alias": "address",
        "meta": "@sys.location",
        "userDefined": true
      }
    ],
    "isTemplate": false,
    "count": 0,
    "updated": 0
  },
  {
    "id": "833f59c4-1ce0-4398-826a-2d2d2e2c5d9c",
    "data": [
      {
        "text": "le temps",
        "meta": "@sys.ignore",
        "userDefined": true
      },
      {
        "text": " ",
        "userDefined": false
      },
      {
        "text": "sur",
        "meta": "@sys.ignore",
        "userDefined": true
      },
      {
        "text": " ",
        "userDefined": false
      },
      {
        "text": "Nancy",
        "alias": "address",
        "meta": "@sys.location",
        "userDefined": true
      }
    ],
    "isTemplate": false,
    "count": 0,
    "updated": 0
  },
  {
    "id": "17f7dcab-e028-49e9-966e-3307f327af5a",
    "data": [
      {
        "text": "quelle météo sera ",
        "userDefined": false
      },
      {
        "text": "jeudi",
        "alias": "date-time",
        "meta": "@sys.date-time",
        "userDefined": true
      }
    ],
    "isTemplate": false,
    "count": 0,
    "updated": 0
  },
  {
    "id": "b082e94e-5c36-45cc-a880-9b9286b02ddb",
    "data": [
      {
        "text": "quelle ",
        "userDefined": false
      },
      {
        "text": "est",
        "meta": "@sys.ignore",
        "userDefined": true
      },
      {
        "text": " ",
        "userDefined": false
      },
      {
        "text": "la",
        "meta": "@sys.ignore",
        "userDefined": true
      },
      {
        "text": " météo à ",
        "userDefined": false
      },
      {
        "text": "Audenge",
        "alias": "address",
        "meta": "@sys.location",
        "userDefined": true
      },
      {
        "text": " ",
        "userDefined": false
      },
      {
        "text": "jeudi",
        "alias": "date-time",
        "meta": "@sys.date-time",
        "userDefined": true
      }
    ],
    "isTemplate": false,
    "count": 1,
    "updated": 0
  },
  {
    "id": "972fa710-b0da-424a-bdfe-e51b03527793",
    "data": [
      {
        "text": "quelle sera ",
        "userDefined": false
      },
      {
        "text": "la",
        "meta": "@sys.ignore",
        "userDefined": true
      },
      {
        "text": " météo ",
        "userDefined": false
      },
      {
        "text": "de",
        "meta": "@sys.ignore",
        "userDefined": true
      },
      {
        "text": " ",
        "userDefined": false
      },
      {
        "text": "jeudi",
        "alias": "date-time",
        "meta": "@sys.date-time",
        "userDefined": true
      },
      {
        "text": " à ",
        "userDefined": false
      },
      {
        "text": "Lanton",
        "alias": "address",
        "meta": "@sys.location",
        "userDefined": true
      }
    ],
    "isTemplate": false,
    "count": 1,
    "updated": 0
  },
  {
    "id": "51c2e36c-18ae-44df-baa2-b2605560c6d1",
    "data": [
      {
        "text": "quelle ",
        "userDefined": false
      },
      {
        "text": "est",
        "meta": "@sys.ignore",
        "userDefined": true
      },
      {
        "text": " ",
        "userDefined": false
      },
      {
        "text": "la",
        "meta": "@sys.ignore",
        "userDefined": true
      },
      {
        "text": " météo ",
        "userDefined": false
      },
      {
        "text": "aujourd\u0027hui",
        "alias": "date-time",
        "meta": "@sys.date-time",
        "userDefined": true
      },
      {
        "text": " à ",
        "userDefined": false
      },
      {
        "text": "Paris",
        "alias": "address",
        "meta": "@sys.location",
        "userDefined": true
      }
    ],
    "isTemplate": false,
    "count": 0,
    "updated": 0
  },
  {
    "id": "650ba0f2-156e-4c63-bf70-2704cdea2637",
    "data": [
      {
        "text": "quelle ",
        "userDefined": false
      },
      {
        "text": "est",
        "meta": "@sys.ignore",
        "userDefined": true
      },
      {
        "text": " ",
        "userDefined": false
      },
      {
        "text": "la",
        "meta": "@sys.ignore",
        "userDefined": true
      },
      {
        "text": " météo pour ",
        "userDefined": false
      },
      {
        "text": "aujourd\u0027hui",
        "alias": "date-time",
        "meta": "@sys.date-time",
        "userDefined": true
      },
      {
        "text": " ",
        "userDefined": false
      },
      {
        "text": "sur",
        "meta": "@sys.ignore",
        "userDefined": true
      },
      {
        "text": " ",
        "userDefined": false
      },
      {
        "text": "la",
        "meta": "@sys.ignore",
        "userDefined": true
      },
      {
        "text": " ville ",
        "userDefined": false
      },
      {
        "text": "de",
        "meta": "@sys.ignore",
        "userDefined": true
      },
      {
        "text": " ",
        "userDefined": false
      },
      {
        "text": "Troyes",
        "alias": "address",
        "meta": "@sys.location",
        "userDefined": true
      }
    ],
    "isTemplate": false,
    "count": 0,
    "updated": 0
  },
  {
    "id": "5f1f2894-f44c-4135-bb23-b240945fd0fb",
    "data": [
      {
        "text": "météo ",
        "userDefined": false
      },
      {
        "text": "de",
        "meta": "@sys.ignore",
        "userDefined": true
      },
      {
        "text": " ",
        "userDefined": false
      },
      {
        "text": "Tours",
        "alias": "address",
        "meta": "@sys.location",
        "userDefined": true
      }
    ],
    "isTemplate": false,
    "count": 0,
    "updated": 0
  },
  {
    "id": "183dbc1a-5fba-4d82-8fec-807fb4a2dc8f",
    "data": [
      {
        "text": "quelle ",
        "userDefined": false
      },
      {
        "text": "est",
        "meta": "@sys.ignore",
        "userDefined": true
      },
      {
        "text": " ",
        "userDefined": false
      },
      {
        "text": "la",
        "meta": "@sys.ignore",
        "userDefined": true
      },
      {
        "text": " météo à ",
        "userDefined": false
      },
      {
        "text": "Brest",
        "alias": "address",
        "meta": "@sys.location",
        "userDefined": true
      }
    ],
    "isTemplate": false,
    "count": 0,
    "updated": 0
  },
  {
    "id": "1fd2879c-93ce-48a6-86d9-2d87883d887d",
    "data": [
      {
        "text": "prévisions météo pour ",
        "userDefined": false
      },
      {
        "text": "Oslo",
        "alias": "address",
        "meta": "@sys.location",
        "userDefined": true
      },
      {
        "text": " ",
        "userDefined": false
      },
      {
        "text": "demain",
        "alias": "date-time",
        "meta": "@sys.date-time",
        "userDefined": true
      }
    ],
    "isTemplate": false,
    "count": 0,
    "updated": 0
  }
]