[
  {
    "id": "12bd12e8-a5eb-4fbb-8e5d-6efb57d8b413",
    "data": [
      {
        "text": "em ",
        "userDefined": false
      },
      {
        "text": "Salvador",
        "alias": "address",
        "meta": "@sys.location",
        "userDefined": false
      },
      {
        "text": " o tempo está bom para ",
        "userDefined": false
      },
      {
        "text": "ir a praia",
        "alias": "activity",
        "meta": "@activity",
        "userDefined": true
      }
    ],
    "isTemplate": false,
    "count": 0,
    "updated": 0
  },
  {
    "id": "ddbcc697-6e6b-47b9-b3b4-51f097168de6",
    "data": [
      {
        "text": "quero fazer uma ",
        "userDefined": false
      },
      {
        "text": "caminhada",
        "alias": "activity",
        "meta": "@activity",
        "userDefined": true
      },
      {
        "text": " ",
        "userDefined": false
      },
      {
        "text": "amanhã de manhã",
        "alias": "date-time",
        "meta": "@sys.date-time",
        "userDefined": true
      },
      {
        "text": " pode me dizer se o tempo estará bom",
        "userDefined": false
      }
    ],
    "isTemplate": false,
    "count": 0,
    "updated": 0
  },
  {
    "id": "d88e2820-eb6d-435f-8e31-ee3f6a2e6838",
    "data": [
      {
        "text": "me diga se o tempo está bom para ",
        "userDefined": false
      },
      {
        "text": "surfar",
        "alias": "activity",
        "meta": "@activity",
        "userDefined": false
      },
      {
        "text": " ",
        "userDefined": false
      },
      {
        "text": "hoje",
        "alias": "date-time",
        "meta": "@sys.date-time",
        "userDefined": false
      },
      {
        "text": " no ",
        "userDefined": false
      },
      {
        "text": "Rio de Janeiro",
        "alias": "address",
        "meta": "@sys.location",
        "userDefined": true
      }
    ],
    "isTemplate": false,
    "count": 0,
    "updated": 0
  },
  {
    "id": "9e0996c3-d0f3-474f-a72a-52f62b1b3c6f",
    "data": [
      {
        "text": "caminhada",
        "alias": "activity",
        "meta": "@activity",
        "userDefined": true
      },
      {
        "text": " é uma boa ideia agora",
        "userDefined": false
      }
    ],
    "isTemplate": false,
    "count": 1,
    "updated": 0
  },
  {
    "id": "19975fd5-794e-4b51-953b-286f75fd2987",
    "data": [
      {
        "text": "o tempo está bom o bastante para ",
        "userDefined": false
      },
      {
        "text": "jogar frisbee",
        "alias": "activity",
        "meta": "@activity",
        "userDefined": true
      },
      {
        "text": " lá fora",
        "userDefined": false
      }
    ],
    "isTemplate": false,
    "count": 1,
    "updated": 0
  },
  {
    "id": "75308a56-935f-48b9-a5d8-423126836d2e",
    "data": [
      {
        "text": "planejo ",
        "userDefined": false
      },
      {
        "text": "esquiar",
        "alias": "activity",
        "meta": "@activity",
        "userDefined": true
      },
      {
        "text": " ",
        "userDefined": false
      },
      {
        "text": "hoje",
        "alias": "date-time",
        "meta": "@sys.date-time",
        "userDefined": true
      },
      {
        "text": " é possível",
        "userDefined": false
      }
    ],
    "isTemplate": false,
    "count": 0,
    "updated": 0
  },
  {
    "id": "48456f67-ec9b-409c-b573-426baff4f498",
    "data": [
      {
        "text": "posso ",
        "userDefined": false
      },
      {
        "text": "surfar",
        "alias": "activity",
        "meta": "@activity",
        "userDefined": true
      }
    ],
    "isTemplate": false,
    "count": 0,
    "updated": 0
  },
  {
    "id": "cec11c1a-d91c-4ae1-9f9a-fdf3706167b8",
    "data": [
      {
        "text": "o clima está bom para ",
        "userDefined": false
      },
      {
        "text": "caminhar",
        "alias": "activity",
        "meta": "@activity",
        "userDefined": true
      }
    ],
    "isTemplate": false,
    "count": 0,
    "updated": 0
  },
  {
    "id": "a0e504d9-9c8d-440f-88e7-a9ec4d191c7a",
    "data": [
      {
        "text": "o clima está bom o suficiente para ",
        "userDefined": false
      },
      {
        "text": "jogar frisbee",
        "alias": "activity",
        "meta": "@activity",
        "userDefined": true
      },
      {
        "text": " ao ar livre",
        "userDefined": false
      }
    ],
    "isTemplate": false,
    "count": 0,
    "updated": 0
  },
  {
    "id": "f8e750f5-5f86-4dc0-8bcd-0cc8f334c432",
    "data": [
      {
        "text": "é uma boa ideia fazer uma ",
        "userDefined": false
      },
      {
        "text": "caminhada",
        "alias": "activity",
        "meta": "@activity",
        "userDefined": true
      },
      {
        "text": " agora",
        "userDefined": false
      }
    ],
    "isTemplate": false,
    "count": 0,
    "updated": 0
  },
  {
    "id": "260623ee-56c7-41bb-b24f-6352ba5b2221",
    "data": [
      {
        "text": "você acha que o clima está ruim para ",
        "userDefined": false
      },
      {
        "text": "jogar frisbee",
        "alias": "activity",
        "meta": "@activity",
        "userDefined": true
      }
    ],
    "isTemplate": false,
    "count": 0,
    "updated": 0
  },
  {
    "id": "1e057d97-60c2-4e55-bc40-d0b18c2bda2c",
    "data": [
      {
        "text": "o clima está bom para ",
        "userDefined": false
      },
      {
        "text": "guerras de bola de neve",
        "alias": "activity",
        "meta": "@activity",
        "userDefined": true
      }
    ],
    "isTemplate": false,
    "count": 0,
    "updated": 0
  },
  {
    "id": "ad8c7277-b7f9-47a6-94ad-078f4b57c78c",
    "data": [
      {
        "text": "você acha que o clima está bom para ",
        "userDefined": false
      },
      {
        "text": "pedalar",
        "alias": "activity",
        "meta": "@activity",
        "userDefined": true
      }
    ],
    "isTemplate": false,
    "count": 0,
    "updated": 0
  },
  {
    "id": "65be6611-f2df-4206-86d0-a133d2279eda",
    "data": [
      {
        "text": "devo sair para ",
        "userDefined": false
      },
      {
        "text": "correr",
        "alias": "activity",
        "meta": "@activity",
        "userDefined": true
      }
    ],
    "isTemplate": false,
    "count": 0,
    "updated": 0
  }
]