[
  {
    "id": "53a822fe-057e-4d38-87f9-4e9d71b47797",
    "data": [
      {
        "text": "vai ",
        "userDefined": false
      },
      {
        "text": "nevar",
        "alias": "condition",
        "meta": "@weather-condition",
        "userDefined": true
      }
    ],
    "isTemplate": false,
    "count": 0,
    "updated": 0
  },
  {
    "id": "a02c9f65-4f43-4920-bd20-d5397c5d98db",
    "data": [
      {
        "text": "e ",
        "userDefined": false
      },
      {
        "text": "chover",
        "alias": "condition",
        "meta": "@weather-condition",
        "userDefined": true
      }
    ],
    "isTemplate": false,
    "count": 0,
    "updated": 0
  }
]