[
  {
    "id": "24487300-1504-48a4-903e-47aa8f8609a4",
    "data": [
      {
        "text": "como está o tempo em ",
        "userDefined": false
      },
      {
        "text": "São Paulo",
        "alias": "address",
        "meta": "@sys.location",
        "userDefined": false
      },
      {
        "text": " ",
        "userDefined": false
      },
      {
        "text": "esta manhã",
        "alias": "date-time",
        "meta": "@sys.date-time",
        "userDefined": true
      }
    ],
    "isTemplate": false,
    "count": 0,
    "updated": 0
  },
  {
    "id": "fbc7a016-dde3-489c-b3f6-06b9372da435",
    "data": [
      {
        "text": "como está o tempo em ",
        "userDefined": false
      },
      {
        "text": "Roma",
        "alias": "address",
        "meta": "@sys.location",
        "userDefined": true
      }
    ],
    "isTemplate": false,
    "count": 0,
    "updated": 0
  },
  {
    "id": "22a1bb4e-0835-4daf-952b-a21b709c7408",
    "data": [
      {
        "text": "previsão do tempo",
        "userDefined": false
      }
    ],
    "isTemplate": false,
    "count": 0,
    "updated": 0
  },
  {
    "id": "502bf6dd-2835-4b26-a4da-48bcc7cf8add",
    "data": [
      {
        "text": "tempo em ",
        "userDefined": false
      },
      {
        "text": "São Paulo",
        "alias": "address",
        "meta": "@sys.location",
        "userDefined": false
      }
    ],
    "isTemplate": false,
    "count": 0,
    "updated": 0
  },
  {
    "id": "a4b42640-411e-4c39-98ec-9f44f8ddc1ee",
    "data": [
      {
        "text": "qual é a previsão do tempo em ",
        "userDefined": false
      },
      {
        "text": "Nova York",
        "alias": "address",
        "meta": "@sys.location",
        "userDefined": true
      },
      {
        "text": " para ",
        "userDefined": false
      },
      {
        "text": "esta manhã",
        "alias": "date-time",
        "meta": "@sys.date-time",
        "userDefined": true
      }
    ],
    "isTemplate": false,
    "count": 2,
    "updated": 0
  },
  {
    "id": "35f41cc7-0014-4cc5-a284-179df9062224",
    "data": [
      {
        "text": "clima em ",
        "userDefined": false
      },
      {
        "text": "Londres",
        "alias": "address",
        "meta": "@sys.location",
        "userDefined": true
      },
      {
        "text": " ",
        "userDefined": false
      },
      {
        "text": "em 5 dias",
        "alias": "date-time",
        "meta": "@sys.date-time",
        "userDefined": true
      }
    ],
    "isTemplate": false,
    "count": 0,
    "updated": 0
  },
  {
    "id": "273c04e8-3aeb-42bb-9856-59a1f786e991",
    "data": [
      {
        "text": "clima em ",
        "userDefined": false
      },
      {
        "text": "Paris",
        "alias": "address",
        "meta": "@sys.location",
        "userDefined": true
      },
      {
        "text": " em ",
        "userDefined": false
      },
      {
        "text": "Celsius",
        "alias": "unit",
        "meta": "@unit-temperature",
        "userDefined": true
      }
    ],
    "isTemplate": false,
    "count": 0,
    "updated": 0
  },
  {
    "id": "e12951a4-b528-46bc-8b1c-0bc8d27a72b4",
    "data": [
      {
        "text": "como está o clima em ",
        "userDefined": false
      },
      {
        "text": "Delft",
        "alias": "address",
        "meta": "@sys.location",
        "userDefined": true
      }
    ],
    "isTemplate": false,
    "count": 0,
    "updated": 0
  },
  {
    "id": "2b9c6c92-4aaa-4ec9-acd2-22c8229eaf6d",
    "data": [
      {
        "text": "mostrar o clima para ",
        "userDefined": false
      },
      {
        "text": "hoje",
        "alias": "date-time",
        "meta": "@sys.date-time",
        "userDefined": true
      }
    ],
    "isTemplate": false,
    "count": 0,
    "updated": 0
  },
  {
    "id": "6686afbb-98cb-4ed0-b5b6-3c4876b66e36",
    "data": [
      {
        "text": "como estará o clima ",
        "userDefined": false
      },
      {
        "text": "amanhã",
        "alias": "date-time",
        "meta": "@sys.date-time",
        "userDefined": true
      },
      {
        "text": " em ",
        "userDefined": false
      },
      {
        "text": "Campbell",
        "alias": "address",
        "meta": "@sys.location",
        "userDefined": true
      }
    ],
    "isTemplate": false,
    "count": 0,
    "updated": 0
  },
  {
    "id": "188a55f3-5b17-4f70-9b75-35a43dd12336",
    "data": [
      {
        "text": "como está o tempo",
        "userDefined": false
      }
    ],
    "isTemplate": false,
    "count": 0,
    "updated": 0
  },
  {
    "id": "74b0caf9-46c4-4572-b302-222b2638752e",
    "data": [
      {
        "text": "tempo",
        "userDefined": false
      }
    ],
    "isTemplate": false,
    "count": 0,
    "updated": 0
  },
  {
    "id": "9a4a0ed8-c4ee-4d9a-a558-ff47576b42fb",
    "data": [
      {
        "text": "como estará o clima ",
        "userDefined": false
      },
      {
        "text": "amanhã",
        "alias": "date-time",
        "meta": "@sys.date-time",
        "userDefined": true
      },
      {
        "text": " em ",
        "userDefined": false
      },
      {
        "text": "Camberra",
        "alias": "address",
        "meta": "@sys.location",
        "userDefined": true
      }
    ],
    "isTemplate": false,
    "count": 0,
    "updated": 0
  },
  {
    "id": "3785d058-35a7-4b93-8d60-585436c23804",
    "data": [
      {
        "text": "você poderia me dizer a previsão do tempo para ",
        "userDefined": false
      },
      {
        "text": "Hong Kong",
        "alias": "address",
        "meta": "@sys.location",
        "userDefined": true
      }
    ],
    "isTemplate": false,
    "count": 0,
    "updated": 0
  },
  {
    "id": "ba3b692a-5f3c-4dab-bb2f-fbb8c2572904",
    "data": [
      {
        "text": "clima em ",
        "userDefined": false
      },
      {
        "text": "Durban",
        "alias": "address",
        "meta": "@sys.location",
        "userDefined": true
      }
    ],
    "isTemplate": false,
    "count": 0,
    "updated": 0
  },
  {
    "id": "f3892dc1-56e9-4547-8bb1-204baeecfd8e",
    "data": [
      {
        "text": "como está o clima na ",
        "userDefined": false
      },
      {
        "text": "Cidade do Cabo",
        "alias": "address",
        "meta": "@sys.location",
        "userDefined": true
      }
    ],
    "isTemplate": false,
    "count": 0,
    "updated": 0
  },
  {
    "id": "cba31bd4-7e43-4658-afdd-2e8b8ab21f71",
    "data": [
      {
        "text": "como está o clima",
        "userDefined": false
      }
    ],
    "isTemplate": false,
    "count": 0,
    "updated": 0
  },
  {
    "id": "24065f2a-5f49-4a44-a15f-dbd14e936c8f",
    "data": [
      {
        "text": "clima",
        "userDefined": false
      }
    ],
    "isTemplate": false,
    "count": 0,
    "updated": 0
  },
  {
    "id": "873e90be-18ef-4873-8638-0c2552315962",
    "data": [
      {
        "text": "clima em ",
        "userDefined": false
      },
      {
        "text": "Nirmal",
        "alias": "address",
        "meta": "@sys.location",
        "userDefined": true
      }
    ],
    "isTemplate": false,
    "count": 0,
    "updated": 0
  }
]