[
  {
    "id": "700a8949-ca58-464f-aadb-79ef8f988fd0",
    "data": [
      {
        "text": "regnet",
        "alias": "condition",
        "meta": "@weather-condition",
        "userDefined": false
      },
      {
        "text": " es dort",
        "userDefined": false
      }
    ],
    "isTemplate": false,
    "count": 0,
    "updated": 0
  },
  {
    "id": "a0ffd932-6b51-4246-bfc7-51adb35aeb9a",
    "data": [
      {
        "text": "muss ich mit ",
        "userDefined": false
      },
      {
        "text": "Regen",
        "alias": "condition",
        "meta": "@weather-condition",
        "userDefined": false
      },
      {
        "text": " rechnen",
        "userDefined": false
      }
    ],
    "isTemplate": false,
    "count": 0,
    "updated": 0
  },
  {
    "id": "51a7b7d9-0a67-40e9-86ef-905911479136",
    "data": [
      {
        "text": "wird dort die ",
        "userDefined": false
      },
      {
        "text": "Sonne",
        "alias": "condition",
        "meta": "@weather-condition",
        "userDefined": false
      },
      {
        "text": " scheinen",
        "userDefined": false
      }
    ],
    "isTemplate": false,
    "count": 0,
    "updated": 0
  },
  {
    "id": "fc2e06d3-fb19-4785-8160-280d02c572c6",
    "data": [
      {
        "text": "gibt es dort ",
        "userDefined": false
      },
      {
        "text": "Sonnenschein",
        "alias": "condition",
        "meta": "@weather-condition",
        "userDefined": true
      }
    ],
    "isTemplate": false,
    "count": 0,
    "updated": 0
  },
  {
    "id": "80acd990-3b94-4d5c-870a-28bc5ef68674",
    "data": [
      {
        "text": "wird es dort ",
        "userDefined": false
      },
      {
        "text": "regnen",
        "alias": "condition",
        "meta": "@weather-condition",
        "userDefined": false
      }
    ],
    "isTemplate": false,
    "count": 0,
    "updated": 0
  },
  {
    "id": "35969d66-40dd-4506-902e-e4b78b2dc18d",
    "data": [
      {
        "text": "wird es dort auch ",
        "userDefined": false
      },
      {
        "text": "schneien",
        "alias": "condition",
        "meta": "@weather-condition",
        "userDefined": false
      }
    ],
    "isTemplate": false,
    "count": 0,
    "updated": 0
  },
  {
    "id": "dd898a2c-f6da-4dd4-bc12-b84f928b2582",
    "data": [
      {
        "text": "wird es dort ",
        "userDefined": false
      },
      {
        "text": "Regen",
        "alias": "condition",
        "meta": "@weather-condition",
        "userDefined": false
      },
      {
        "text": " geben",
        "userDefined": false
      }
    ],
    "isTemplate": false,
    "count": 0,
    "updated": 0
  },
  {
    "id": "e7f32bd1-1268-4c4b-8011-624d1211a816",
    "data": [
      {
        "text": "wie sieht es mit ",
        "userDefined": false
      },
      {
        "text": "Regen",
        "alias": "condition",
        "meta": "@weather-condition",
        "userDefined": true
      },
      {
        "text": " aus",
        "userDefined": false
      }
    ],
    "isTemplate": false,
    "count": 0,
    "updated": 0
  },
  {
    "id": "2d314bb2-e6b6-4d42-bd94-2753f357c756",
    "data": [
      {
        "text": "wird es dort ",
        "userDefined": false
      },
      {
        "text": "sonnig",
        "alias": "condition",
        "meta": "@weather-condition",
        "userDefined": true
      }
    ],
    "isTemplate": false,
    "count": 0,
    "updated": 0
  },
  {
    "id": "35ed61bf-daf9-4ab7-8442-d5b96cae4967",
    "data": [
      {
        "text": "und ",
        "userDefined": false
      },
      {
        "text": "Schnee",
        "alias": "condition",
        "meta": "@weather-condition",
        "userDefined": false
      }
    ],
    "isTemplate": false,
    "count": 0,
    "updated": 0
  }
]