[
  {
    "id": "28c45706-c390-46f3-ab4f-09eabff85707",
    "data": [
      {
        "text": "用着",
        "userDefined": false
      },
      {
        "text": "摄氏度",
        "alias": "unit",
        "meta": "@unit-temperature",
        "userDefined": true
      },
      {
        "text": "显示天气",
        "userDefined": false
      }
    ],
    "isTemplate": false,
    "count": 0,
    "updated": 0
  },
  {
    "id": "b842623f-a56a-47ec-939d-ac3042cd204b",
    "data": [
      {
        "text": "明天",
        "alias": "date-time",
        "meta": "@sys.date-time",
        "userDefined": true
      },
      {
        "text": "天气多少",
        "userDefined": false
      },
      {
        "text": "摄氏度",
        "alias": "unit",
        "meta": "@unit-temperature",
        "userDefined": true
      }
    ],
    "isTemplate": false,
    "count": 0,
    "updated": 0
  },
  {
    "id": "a2a50b67-9780-433a-8777-fbe1b7cd5332",
    "data": [
      {
        "text": "昨天",
        "alias": "date-time",
        "meta": "@sys.date-time",
        "userDefined": true
      },
      {
        "text": "几度",
        "userDefined": false
      }
    ],
    "isTemplate": false,
    "count": 0,
    "updated": 0
  },
  {
    "id": "0a7409a1-7029-4a07-9a0a-ef23fd7f3c8b",
    "data": [
      {
        "text": "9/4",
        "alias": "date-time",
        "meta": "@sys.date-time",
        "userDefined": true
      },
      {
        "text": "天气如何",
        "userDefined": false
      }
    ],
    "isTemplate": false,
    "count": 0,
    "updated": 0
  },
  {
    "id": "1f69a57e-67ff-4fc5-980a-9203cb89e292",
    "data": [
      {
        "text": "上海",
        "alias": "address",
        "meta": "@sys.address",
        "userDefined": true
      },
      {
        "text": "什么天气",
        "userDefined": false
      }
    ],
    "isTemplate": false,
    "count": 0,
    "updated": 0
  },
  {
    "id": "ed86f0c1-e9df-4c26-9e49-7442405159db",
    "data": [
      {
        "text": "北京",
        "alias": "address",
        "meta": "@sys.address",
        "userDefined": true
      },
      {
        "text": "今天",
        "alias": "date-time",
        "meta": "@sys.date-time",
        "userDefined": true
      },
      {
        "text": "的天气如何",
        "userDefined": false
      }
    ],
    "isTemplate": false,
    "count": 0,
    "updated": 0
  },
  {
    "id": "e2742bc0-4c8e-4f37-a4a0-91c74401e6e2",
    "data": [
      {
        "text": "杭州",
        "alias": "address",
        "meta": "@sys.address",
        "userDefined": true
      },
      {
        "text": "今天",
        "alias": "date-time",
        "meta": "@sys.date-time",
        "userDefined": true
      },
      {
        "text": "的天气怎么样",
        "userDefined": false
      }
    ],
    "isTemplate": false,
    "count": 0,
    "updated": 0
  },
  {
    "id": "c991ce22-1333-4b02-8f47-1207ead4fc45",
    "data": [
      {
        "text": "厦门",
        "alias": "address",
        "meta": "@sys.address",
        "userDefined": true
      },
      {
        "text": "啥天气",
        "userDefined": false
      }
    ],
    "isTemplate": false,
    "count": 0,
    "updated": 0
  },
  {
    "id": "982499ea-cf5f-43a1-8aed-afb1c575d5d3",
    "data": [
      {
        "text": "不好意思可以帮我查",
        "userDefined": false
      },
      {
        "text": "香港",
        "alias": "address",
        "meta": "@sys.address",
        "userDefined": true
      },
      {
        "text": "的天气",
        "userDefined": false
      }
    ],
    "isTemplate": false,
    "count": 0,
    "updated": 0
  },
  {
    "id": "3406a801-d933-4710-b4c8-b45ab64905a7",
    "data": [
      {
        "text": "今天",
        "alias": "date-time",
        "meta": "@sys.date-time",
        "userDefined": true
      },
      {
        "text": "上海",
        "alias": "address",
        "meta": "@sys.address",
        "userDefined": true
      },
      {
        "text": "的天气",
        "userDefined": false
      }
    ],
    "isTemplate": false,
    "count": 0,
    "updated": 0
  },
  {
    "id": "1931013d-7767-494c-856a-081bd7cce959",
    "data": [
      {
        "text": "天气",
        "userDefined": false
      }
    ],
    "isTemplate": false,
    "count": 1,
    "updated": 0
  },
  {
    "id": "0be21955-587d-466c-92a1-348a10fd4750",
    "data": [
      {
        "text": "两天前",
        "alias": "date-time",
        "meta": "@sys.date-time",
        "userDefined": true
      },
      {
        "text": "上海",
        "alias": "address",
        "meta": "@sys.address",
        "userDefined": true
      },
      {
        "text": "的天气如何",
        "userDefined": false
      }
    ],
    "isTemplate": false,
    "count": 0,
    "updated": 0
  },
  {
    "id": "4249f067-c950-4348-8efd-8d73726e251a",
    "data": [
      {
        "text": "昨天",
        "alias": "date-time",
        "meta": "@sys.date-time",
        "userDefined": true
      },
      {
        "text": "什么",
        "userDefined": false
      },
      {
        "text": "天",
        "meta": "@sys.ignore",
        "userDefined": false
      },
      {
        "text": "气",
        "userDefined": false
      }
    ],
    "isTemplate": false,
    "count": 0,
    "updated": 0
  },
  {
    "id": "6eb88fa9-5bc1-423c-9002-6649a5e077ce",
    "data": [
      {
        "text": "今天",
        "alias": "date-time",
        "meta": "@sys.date-time",
        "userDefined": false
      },
      {
        "text": "台中",
        "meta": "@sys.ignore",
        "userDefined": false
      },
      {
        "text": "天",
        "meta": "@sys.ignore",
        "userDefined": false
      },
      {
        "text": "气如",
        "userDefined": false
      },
      {
        "text": "何",
        "meta": "@sys.ignore",
        "userDefined": false
      }
    ],
    "isTemplate": false,
    "count": 0,
    "updated": 0
  },
  {
    "id": "cfeb6d26-7949-4b56-9413-2d32d73263e3",
    "data": [
      {
        "text": "明天",
        "alias": "date-time",
        "meta": "@sys.date-time",
        "userDefined": true
      },
      {
        "text": "台北",
        "alias": "address",
        "meta": "@sys.address",
        "userDefined": false
      },
      {
        "text": "天",
        "meta": "@sys.ignore",
        "userDefined": false
      },
      {
        "text": "气",
        "userDefined": false
      }
    ],
    "isTemplate": false,
    "count": 0,
    "updated": 0
  },
  {
    "id": "593aee41-225a-4ac0-8844-e41b955f837a",
    "data": [
      {
        "text": "今天",
        "alias": "date-time",
        "meta": "@sys.date-time",
        "userDefined": false
      },
      {
        "text": "台北",
        "alias": "address",
        "meta": "@sys.address",
        "userDefined": false
      },
      {
        "text": "天",
        "meta": "@sys.ignore",
        "userDefined": false
      },
      {
        "text": "气如",
        "userDefined": false
      },
      {
        "text": "何",
        "meta": "@sys.ignore",
        "userDefined": false
      }
    ],
    "isTemplate": false,
    "count": 0,
    "updated": 0
  },
  {
    "id": "fef1a3db-151f-4a6f-9c81-efc3b3b76d42",
    "data": [
      {
        "text": "今天",
        "alias": "date-time",
        "meta": "@sys.date-time",
        "userDefined": true
      },
      {
        "text": "台北市",
        "alias": "address",
        "meta": "@sys.address",
        "userDefined": false
      },
      {
        "text": "的",
        "meta": "@sys.ignore",
        "userDefined": false
      },
      {
        "text": "天",
        "meta": "@sys.ignore",
        "userDefined": false
      },
      {
        "text": "气如",
        "userDefined": false
      },
      {
        "text": "何",
        "meta": "@sys.ignore",
        "userDefined": false
      }
    ],
    "isTemplate": false,
    "count": 0,
    "updated": 0
  },
  {
    "id": "26c72239-eef9-4a75-8c9c-2cd1edf1f7f0",
    "data": [
      {
        "text": "下个星期五",
        "alias": "date-time",
        "meta": "@sys.date-time",
        "userDefined": true
      },
      {
        "text": "台北",
        "alias": "address",
        "meta": "@sys.address",
        "userDefined": false
      },
      {
        "text": "是不是",
        "userDefined": false
      },
      {
        "text": "天",
        "meta": "@sys.ignore",
        "userDefined": false
      },
      {
        "text": "气",
        "userDefined": false
      },
      {
        "text": "好",
        "meta": "@sys.ignore",
        "userDefined": false
      },
      {
        "text": "吗",
        "userDefined": false
      }
    ],
    "isTemplate": false,
    "count": 0,
    "updated": 0
  },
  {
    "id": "eb555e30-c92e-428d-b056-da62d89a9e8d",
    "data": [
      {
        "text": "三天后",
        "alias": "date-time",
        "meta": "@sys.date-time",
        "userDefined": true
      },
      {
        "text": "台北",
        "alias": "address",
        "meta": "@sys.address",
        "userDefined": false
      },
      {
        "text": "的",
        "meta": "@sys.ignore",
        "userDefined": false
      },
      {
        "text": "天",
        "meta": "@sys.ignore",
        "userDefined": false
      },
      {
        "text": "气",
        "userDefined": false
      }
    ],
    "isTemplate": false,
    "count": 0,
    "updated": 0
  },
  {
    "id": "77a374e2-f236-4b30-982d-f18983fdd2c6",
    "data": [
      {
        "text": "今天",
        "alias": "date-time",
        "meta": "@sys.date-time",
        "userDefined": false
      },
      {
        "text": "台北",
        "alias": "address",
        "meta": "@sys.address",
        "userDefined": false
      },
      {
        "text": "的",
        "meta": "@sys.ignore",
        "userDefined": false
      },
      {
        "text": "天",
        "meta": "@sys.ignore",
        "userDefined": false
      },
      {
        "text": "气如",
        "userDefined": false
      },
      {
        "text": "何",
        "meta": "@sys.ignore",
        "userDefined": false
      }
    ],
    "isTemplate": false,
    "count": 0,
    "updated": 0
  },
  {
    "id": "b236104f-6f54-45b9-a4d3-6a5a246f6128",
    "data": [
      {
        "text": "今天",
        "alias": "date-time",
        "meta": "@sys.date-time",
        "userDefined": false
      },
      {
        "text": "天",
        "meta": "@sys.ignore",
        "userDefined": false
      },
      {
        "text": "气",
        "userDefined": false
      }
    ],
    "isTemplate": false,
    "count": 0,
    "updated": 0
  }
]