[
  {
    "id": "231391f9-e184-49ef-914e-f2fd7df6a070",
    "data": [
      {
        "text": "va a ",
        "userDefined": false
      },
      {
        "text": "nevar",
        "alias": "condition",
        "meta": "@weather-condition",
        "userDefined": true
      }
    ],
    "isTemplate": false,
    "count": 0,
    "updated": 0
  },
  {
    "id": "2c1e1c64-eeea-4b56-85eb-fb27e3e9c339",
    "data": [
      {
        "text": "estará ",
        "userDefined": false
      },
      {
        "text": "soleado",
        "alias": "condition",
        "meta": "@weather-condition",
        "userDefined": true
      }
    ],
    "isTemplate": false,
    "count": 0,
    "updated": 0
  },
  {
    "id": "56d29fe9-6ac8-44b5-8653-5abbf3e0b208",
    "data": [
      {
        "text": "habrá ",
        "userDefined": false
      },
      {
        "text": "nubes",
        "alias": "condition",
        "meta": "@weather-condition",
        "userDefined": true
      }
    ],
    "isTemplate": false,
    "count": 0,
    "updated": 0
  },
  {
    "id": "742ab302-171e-4af8-8a4d-584c4abaf80e",
    "data": [
      {
        "text": "y ",
        "userDefined": false
      },
      {
        "text": "lluvias",
        "alias": "condition",
        "meta": "@weather-condition",
        "userDefined": false
      }
    ],
    "isTemplate": false,
    "count": 0,
    "updated": 0
  }
]