[
  {
    "id": "cc2f4708-bce8-44ac-8a9c-6ac912065951",
    "data": [
      {
        "text": "posso ",
        "userDefined": false
      },
      {
        "text": "nadar",
        "alias": "activity",
        "meta": "@activity",
        "userDefined": false
      },
      {
        "text": " ",
        "userDefined": false
      },
      {
        "text": "amanhã",
        "alias": "date-time",
        "meta": "@sys.date-time",
        "userDefined": false
      },
      {
        "text": " em ",
        "userDefined": false
      },
      {
        "text": "Lisboa",
        "alias": "address",
        "meta": "@sys.location",
        "userDefined": false
      }
    ],
    "isTemplate": false,
    "count": 0,
    "updated": 0
  },
  {
    "id": "cd4faa6f-ace6-410b-9dc6-d0c1ae53c353",
    "data": [
      {
        "text": "o tempo está bom para ",
        "userDefined": false
      },
      {
        "text": "surfar",
        "alias": "activity",
        "meta": "@activity",
        "userDefined": false
      },
      {
        "text": " no ",
        "userDefined": false
      },
      {
        "text": "Rio de Janeiro",
        "alias": "address",
        "meta": "@sys.location",
        "userDefined": true
      }
    ],
    "isTemplate": false,
    "count": 0,
    "updated": 0
  },
  {
    "id": "3d11ac26-0614-4de2-8392-4fe3f7349268",
    "data": [
      {
        "text": "posso ",
        "userDefined": false
      },
      {
        "text": "correr",
        "alias": "activity",
        "meta": "@activity",
        "userDefined": false
      },
      {
        "text": " ",
        "userDefined": false
      },
      {
        "text": "amanhã de manhã",
        "alias": "date-time",
        "meta": "@sys.date-time",
        "userDefined": true
      }
    ],
    "isTemplate": false,
    "count": 0,
    "updated": 0
  },
  {
    "id": "153c706e-da26-474f-b357-292f5c24d29d",
    "data": [
      {
        "text": "é boa ideia ",
        "userDefined": false
      },
      {
        "text": "fazer uma caminhada",
        "alias": "activity",
        "meta": "@activity",
        "userDefined": true
      },
      {
        "text": " agora",
        "userDefined": false
      }
    ],
    "isTemplate": false,
    "count": 0,
    "updated": 0
  },
  {
    "id": "0cd5adb5-eac4-41e4-b68a-2045120ce94f",
    "data": [
      {
        "text": "o tempo vai estar bom para ",
        "userDefined": false
      },
      {
        "text": "jogar frisbee",
        "alias": "activity",
        "meta": "@activity",
        "userDefined": true
      },
      {
        "text": " ao ar livre",
        "userDefined": false
      }
    ],
    "isTemplate": false,
    "count": 0,
    "updated": 0
  },
  {
    "id": "89e99883-75a4-4726-853c-48f92ac37a51",
    "data": [
      {
        "text": "estou a planear ",
        "userDefined": false
      },
      {
        "text": "fazer esqui",
        "alias": "activity",
        "meta": "@activity",
        "userDefined": true
      },
      {
        "text": " ",
        "userDefined": false
      },
      {
        "text": "hoje",
        "alias": "date-time",
        "meta": "@sys.date-time",
        "userDefined": true
      },
      {
        "text": " vai ser possível",
        "userDefined": false
      }
    ],
    "isTemplate": false,
    "count": 0,
    "updated": 0
  },
  {
    "id": "e2d2e7db-7f55-4d52-bfb7-50fb9c8b3638",
    "data": [
      {
        "text": "posso ",
        "userDefined": false
      },
      {
        "text": "fazer surf",
        "alias": "activity",
        "meta": "@activity",
        "userDefined": true
      }
    ],
    "isTemplate": false,
    "count": 0,
    "updated": 0
  },
  {
    "id": "4b698ba0-b04f-4780-8625-5464f69b3044",
    "data": [
      {
        "text": "o tempo está bom para ",
        "userDefined": false
      },
      {
        "text": "caminhar",
        "alias": "activity",
        "meta": "@activity",
        "userDefined": true
      }
    ],
    "isTemplate": false,
    "count": 0,
    "updated": 0
  },
  {
    "id": "8245eb27-aa32-422d-9ee4-d5de1d32a3cd",
    "data": [
      {
        "text": "o tempo está suficientemente bom para ",
        "userDefined": false
      },
      {
        "text": "jogar frisbee",
        "alias": "activity",
        "meta": "@activity",
        "userDefined": true
      },
      {
        "text": " lá fora",
        "userDefined": false
      }
    ],
    "isTemplate": false,
    "count": 0,
    "updated": 0
  },
  {
    "id": "430e899a-b95d-4c08-b9d6-ac72a09403d8",
    "data": [
      {
        "text": "é uma boa ideia fazer uma ",
        "userDefined": false
      },
      {
        "text": "caminhada",
        "alias": "activity",
        "meta": "@activity",
        "userDefined": true
      },
      {
        "text": " agora",
        "userDefined": false
      }
    ],
    "isTemplate": false,
    "count": 0,
    "updated": 0
  },
  {
    "id": "d2e0c383-f73a-4f40-a4c4-a77f6234ba8f",
    "data": [
      {
        "text": "pensa que o tempo está mau para ",
        "userDefined": false
      },
      {
        "text": "jogar frisbee",
        "alias": "activity",
        "meta": "@activity",
        "userDefined": true
      }
    ],
    "isTemplate": false,
    "count": 0,
    "updated": 0
  },
  {
    "id": "5aad8abb-affa-4c85-aba8-c2a70476a190",
    "data": [
      {
        "text": "o tempo está bom para ",
        "userDefined": false
      },
      {
        "text": "lutas de bolas de neve",
        "alias": "activity",
        "meta": "@activity",
        "userDefined": true
      }
    ],
    "isTemplate": false,
    "count": 0,
    "updated": 0
  },
  {
    "id": "5f445873-e58b-4015-ba3b-15f4507e4347",
    "data": [
      {
        "text": "pensa que o tempo está bom para ",
        "userDefined": false
      },
      {
        "text": "ciclismo",
        "alias": "activity",
        "meta": "@activity",
        "userDefined": true
      }
    ],
    "isTemplate": false,
    "count": 0,
    "updated": 0
  },
  {
    "id": "0257c2e4-52cb-45cc-a1fa-24e54536eb3a",
    "data": [
      {
        "text": "devo ir ",
        "userDefined": false
      },
      {
        "text": "correr",
        "alias": "activity",
        "meta": "@activity",
        "userDefined": true
      }
    ],
    "isTemplate": false,
    "count": 0,
    "updated": 0
  }
]