[
  {
    "id": "47f69be8-b8cb-4403-a1ab-e489aec78aa3",
    "data": [
      {
        "text": "fait-il assez ",
        "userDefined": false
      },
      {
        "text": "froid",
        "meta": "@sys.ignore",
        "userDefined": false
      },
      {
        "text": " pour que je puisse mettre ",
        "userDefined": false
      },
      {
        "text": "mon",
        "meta": "@sys.ignore",
        "userDefined": false
      },
      {
        "text": " nouveau ",
        "userDefined": false
      },
      {
        "text": "chapeau",
        "alias": "outfit",
        "meta": "@outfit",
        "userDefined": false
      }
    ],
    "isTemplate": false,
    "count": 0,
    "updated": 0
  },
  {
    "id": "5146aea4-1885-4742-997c-2dc00764337c",
    "data": [
      {
        "text": "fait-il beau pour que je puisse porter ",
        "userDefined": false
      },
      {
        "text": "une",
        "meta": "@sys.ignore",
        "userDefined": false
      },
      {
        "text": " ",
        "userDefined": false
      },
      {
        "text": "robe",
        "alias": "outfit",
        "meta": "@outfit",
        "userDefined": false
      },
      {
        "text": " ",
        "userDefined": false
      },
      {
        "text": "aujourd\u0027hui",
        "alias": "date-time",
        "meta": "@sys.date-time",
        "userDefined": false
      }
    ],
    "isTemplate": false,
    "count": 0,
    "updated": 0
  },
  {
    "id": "32503c57-e110-4741-950b-578143c40221",
    "data": [
      {
        "text": "est-ce que le temps est bon pour porter ",
        "userDefined": false
      },
      {
        "text": "ma",
        "meta": "@sys.ignore",
        "userDefined": false
      },
      {
        "text": " ",
        "userDefined": false
      },
      {
        "text": "robe",
        "alias": "outfit",
        "meta": "@outfit",
        "userDefined": false
      }
    ],
    "isTemplate": false,
    "count": 0,
    "updated": 0
  },
  {
    "id": "58227fd7-0c90-4e34-b3ee-ca5e454fa0e8",
    "data": [
      {
        "text": "devrais-je prendre mes ",
        "userDefined": false
      },
      {
        "text": "lunettes de soleil",
        "alias": "outfit",
        "meta": "@outfit",
        "userDefined": false
      }
    ],
    "isTemplate": false,
    "count": 0,
    "updated": 0
  },
  {
    "id": "bce54fde-5477-4518-ace6-013bae9d3c5d",
    "data": [
      {
        "text": "faut-il que je prenne mes ",
        "userDefined": false
      },
      {
        "text": "gants",
        "alias": "outfit",
        "meta": "@outfit",
        "userDefined": false
      },
      {
        "text": " pour aller à ",
        "userDefined": false
      },
      {
        "text": "Nantes",
        "alias": "address",
        "meta": "@sys.location",
        "userDefined": false
      }
    ],
    "isTemplate": false,
    "count": 0,
    "updated": 0
  },
  {
    "id": "c8df0067-a495-4e82-9f1f-15022389186b",
    "data": [
      {
        "text": "puis-je mettre un ",
        "userDefined": false
      },
      {
        "text": "short",
        "alias": "outfit",
        "meta": "@outfit",
        "userDefined": false
      },
      {
        "text": " ",
        "userDefined": false
      },
      {
        "text": "aujourd\u0027hui",
        "alias": "date-time",
        "meta": "@sys.date-time",
        "userDefined": false
      },
      {
        "text": " pour ",
        "userDefined": false
      },
      {
        "text": "me",
        "meta": "@sys.ignore",
        "userDefined": false
      },
      {
        "text": " promener à ",
        "userDefined": false
      },
      {
        "text": "Tours",
        "alias": "address",
        "meta": "@sys.location",
        "userDefined": false
      }
    ],
    "isTemplate": false,
    "count": 0,
    "updated": 0
  },
  {
    "id": "5e88c341-8684-453f-af03-5354745ffb8a",
    "data": [
      {
        "text": "faut-il mettre ",
        "userDefined": false
      },
      {
        "text": "ma",
        "meta": "@sys.ignore",
        "userDefined": false
      },
      {
        "text": " ",
        "userDefined": false
      },
      {
        "text": "veste",
        "alias": "outfit",
        "meta": "@outfit",
        "userDefined": false
      },
      {
        "text": " ",
        "userDefined": false
      },
      {
        "text": "demain",
        "alias": "date-time",
        "meta": "@sys.date-time",
        "userDefined": false
      }
    ],
    "isTemplate": false,
    "count": 0,
    "updated": 0
  },
  {
    "id": "5bde9443-e2a0-4e6c-af0d-fa53b7824394",
    "data": [
      {
        "text": "est-ce qu\u0027",
        "userDefined": false
      },
      {
        "text": "il",
        "meta": "@sys.ignore",
        "userDefined": false
      },
      {
        "text": " faut que je mette ",
        "userDefined": false
      },
      {
        "text": "mon",
        "meta": "@sys.ignore",
        "userDefined": false
      },
      {
        "text": " ",
        "userDefined": false
      },
      {
        "text": "cardigan",
        "alias": "outfit",
        "meta": "@outfit",
        "userDefined": false
      }
    ],
    "isTemplate": false,
    "count": 0,
    "updated": 0
  },
  {
    "id": "5e1cf065-d8cc-4502-990d-9e5cfeac3ee5",
    "data": [
      {
        "text": "dois-je prendre ",
        "userDefined": false
      },
      {
        "text": "un",
        "meta": "@sys.ignore",
        "userDefined": false
      },
      {
        "text": " ",
        "userDefined": false
      },
      {
        "text": "parapluie",
        "alias": "outfit",
        "meta": "@outfit",
        "userDefined": false
      },
      {
        "text": " avec ",
        "userDefined": false
      },
      {
        "text": "moi",
        "meta": "@sys.ignore",
        "userDefined": false
      }
    ],
    "isTemplate": false,
    "count": 0,
    "updated": 0
  },
  {
    "id": "54f46eca-ad0c-4fa2-8c30-c822fa3716ba",
    "data": [
      {
        "text": "est-ce que ",
        "userDefined": false
      },
      {
        "text": "j",
        "meta": "@sys.ignore",
        "userDefined": false
      },
      {
        "text": "\u0027",
        "userDefined": false
      },
      {
        "text": "ai",
        "meta": "@sys.ignore",
        "userDefined": false
      },
      {
        "text": " besoin ",
        "userDefined": false
      },
      {
        "text": "de",
        "meta": "@sys.ignore",
        "userDefined": false
      },
      {
        "text": " mettre ",
        "userDefined": false
      },
      {
        "text": "des",
        "meta": "@sys.ignore",
        "userDefined": false
      },
      {
        "text": " ",
        "userDefined": false
      },
      {
        "text": "gants",
        "alias": "outfit",
        "meta": "@outfit",
        "userDefined": false
      },
      {
        "text": " ",
        "userDefined": false
      },
      {
        "text": "aujourd\u0027hui",
        "alias": "date-time",
        "meta": "@sys.date-time",
        "userDefined": true
      },
      {
        "text": " à ",
        "userDefined": false
      },
      {
        "text": "Paris",
        "alias": "address",
        "meta": "@sys.location",
        "userDefined": false
      }
    ],
    "isTemplate": false,
    "count": 0,
    "updated": 0
  }
]