[
  {
    "id": "a43d5a9e-d085-4bd2-8a7f-804bf27b3bea",
    "data": [
      {
        "text": "is it going to ",
        "userDefined": false
      },
      {
        "text": "rain",
        "alias": "condition",
        "meta": "@weather-condition",
        "userDefined": false
      }
    ],
    "isTemplate": false,
    "count": 1,
    "updated": 1523116480
  },
  {
    "id": "2a28a6bc-df97-4cab-a64a-0a1252aead12",
    "data": [
      {
        "text": "will it ",
        "userDefined": false
      },
      {
        "text": "rain",
        "alias": "condition",
        "meta": "@weather-condition",
        "userDefined": false
      },
      {
        "text": " ",
        "userDefined": false
      },
      {
        "text": "today",
        "alias": "date-time",
        "meta": "@sys.date-time",
        "userDefined": false
      }
    ],
    "isTemplate": false,
    "count": 0,
    "updated": 0
  },
  {
    "id": "111af8ed-589d-4a1e-ad83-0cc9a8e231e6",
    "data": [
      {
        "text": "is it going to ",
        "userDefined": false
      },
      {
        "text": "rain",
        "alias": "condition",
        "meta": "@weather-condition",
        "userDefined": false
      },
      {
        "text": " later ",
        "userDefined": false
      },
      {
        "text": "in the evening",
        "alias": "date-time",
        "meta": "@sys.date-time",
        "userDefined": true
      }
    ],
    "isTemplate": false,
    "count": 0,
    "updated": 1523116480
  },
  {
    "id": "84d40a11-30cc-43ae-84dd-2506fb129378",
    "data": [
      {
        "text": "is it ",
        "userDefined": false
      },
      {
        "text": "raining",
        "alias": "condition",
        "meta": "@weather-condition",
        "userDefined": true
      }
    ],
    "isTemplate": false,
    "count": 0,
    "updated": 1523116480
  },
  {
    "id": "ca16e5f2-9eea-408c-9746-9f92f056cf17",
    "data": [
      {
        "text": "will it be ",
        "userDefined": false
      },
      {
        "text": "cloudy",
        "alias": "condition",
        "meta": "@weather-condition",
        "userDefined": true
      },
      {
        "text": " in ",
        "userDefined": false
      },
      {
        "text": "Berlin",
        "alias": "address",
        "meta": "@sys.location",
        "userDefined": true
      }
    ],
    "isTemplate": false,
    "count": 0,
    "updated": 1523116480
  },
  {
    "id": "e54c8948-017a-409f-9c62-42a76102e817",
    "data": [
      {
        "text": "chances of ",
        "userDefined": false
      },
      {
        "text": "drizzle",
        "alias": "condition",
        "meta": "@weather-condition",
        "userDefined": true
      },
      {
        "text": " in ",
        "userDefined": false
      },
      {
        "text": "Hong Kong",
        "alias": "address",
        "meta": "@sys.location",
        "userDefined": true
      }
    ],
    "isTemplate": false,
    "count": 0,
    "updated": 1523116480
  },
  {
    "id": "f6e6d85f-15cb-415f-862d-8d462df4a0c5",
    "data": [
      {
        "text": "is it supposed to ",
        "userDefined": false
      },
      {
        "text": "rain",
        "alias": "condition",
        "meta": "@weather-condition",
        "userDefined": true
      },
      {
        "text": " in ",
        "userDefined": false
      },
      {
        "text": "Madrid",
        "alias": "address",
        "meta": "@sys.location",
        "userDefined": true
      },
      {
        "text": " ",
        "userDefined": false
      },
      {
        "text": "next weekend",
        "alias": "date-time",
        "meta": "@sys.date-time",
        "userDefined": true
      }
    ],
    "isTemplate": false,
    "count": 0,
    "updated": 1523116480
  },
  {
    "id": "3ca81595-bf34-40b2-bcb5-8c7500153d1a",
    "data": [
      {
        "text": "will it be ",
        "userDefined": false
      },
      {
        "text": "foggy",
        "alias": "condition",
        "meta": "@weather-condition",
        "userDefined": true
      },
      {
        "text": " ",
        "userDefined": false
      },
      {
        "text": "next Saturday",
        "alias": "date-time",
        "meta": "@sys.date-time",
        "userDefined": true
      },
      {
        "text": " in ",
        "userDefined": false
      },
      {
        "text": "San Francisco",
        "alias": "address",
        "meta": "@sys.location",
        "userDefined": true
      }
    ],
    "isTemplate": false,
    "count": 0,
    "updated": 1523116480
  },
  {
    "id": "4a0e79b0-2b0b-4f22-be11-af63eaabcb32",
    "data": [
      {
        "text": "chances of ",
        "userDefined": false
      },
      {
        "text": "volcano eruption",
        "alias": "condition",
        "meta": "@weather-condition",
        "userDefined": true
      },
      {
        "text": " in ",
        "userDefined": false
      },
      {
        "text": "Sicilia",
        "alias": "address",
        "meta": "@sys.location",
        "userDefined": true
      },
      {
        "text": " ",
        "userDefined": false
      },
      {
        "text": "this month",
        "alias": "date-time",
        "meta": "@sys.date-time",
        "userDefined": true
      }
    ],
    "isTemplate": false,
    "count": 0,
    "updated": 1523116480
  },
  {
    "id": "21849ab9-5b35-4d7e-85ae-b89dcb6f124a",
    "data": [
      {
        "text": "is there going to be ",
        "userDefined": false
      },
      {
        "text": "fog",
        "alias": "condition",
        "meta": "@weather-condition",
        "userDefined": true
      },
      {
        "text": " ",
        "userDefined": false
      },
      {
        "text": "tomorrow",
        "alias": "date-time",
        "meta": "@sys.date-time",
        "userDefined": true
      },
      {
        "text": " in ",
        "userDefined": false
      },
      {
        "text": "Paris",
        "alias": "address",
        "meta": "@sys.location",
        "userDefined": true
      }
    ],
    "isTemplate": false,
    "count": 0,
    "updated": 1523116480
  },
  {
    "id": "e6677cdd-f85f-4cb7-96fb-968cf5ed1c25",
    "data": [
      {
        "text": "when will it ",
        "userDefined": false
      },
      {
        "text": "snow",
        "alias": "condition",
        "meta": "@weather-condition",
        "userDefined": true
      },
      {
        "text": " in ",
        "userDefined": false
      },
      {
        "text": "Palo Alto",
        "alias": "address",
        "meta": "@sys.location",
        "userDefined": true
      }
    ],
    "isTemplate": false,
    "count": 0,
    "updated": 1523116480
  },
  {
    "id": "6fb93540-e4fa-447f-990a-61c8512c566e",
    "data": [
      {
        "text": "any snow ",
        "userDefined": false
      },
      {
        "text": "showers",
        "alias": "condition",
        "meta": "@weather-condition",
        "userDefined": true
      },
      {
        "text": " in the forecast for ",
        "userDefined": false
      },
      {
        "text": "Valencia",
        "alias": "address",
        "meta": "@sys.location",
        "userDefined": true
      }
    ],
    "isTemplate": false,
    "count": 0,
    "updated": 1523116480
  },
  {
    "id": "7453886d-17f6-4800-9702-06d001f35756",
    "data": [
      {
        "text": "are there any ",
        "userDefined": false
      },
      {
        "text": "tornadoes",
        "alias": "condition",
        "meta": "@weather-condition",
        "userDefined": true
      },
      {
        "text": " expected in ",
        "userDefined": false
      },
      {
        "text": "Cleveland",
        "alias": "address",
        "meta": "@sys.location",
        "userDefined": true
      },
      {
        "text": " on ",
        "userDefined": false
      },
      {
        "text": "November 12",
        "alias": "date-time",
        "meta": "@sys.date-time",
        "userDefined": true
      }
    ],
    "isTemplate": false,
    "count": 0,
    "updated": 1523116480
  },
  {
    "id": "86bf56b9-4798-4ae7-a3cb-f7e0be74c528",
    "data": [
      {
        "text": "is it ",
        "userDefined": false
      },
      {
        "text": "snowing",
        "alias": "condition",
        "meta": "@weather-condition",
        "userDefined": true
      },
      {
        "text": " in ",
        "userDefined": false
      },
      {
        "text": "Moscow",
        "alias": "address",
        "meta": "@sys.location",
        "userDefined": true
      }
    ],
    "isTemplate": false,
    "count": 0,
    "updated": 1523116480
  },
  {
    "id": "05402555-6bc0-4367-907b-9016b35048e2",
    "data": [
      {
        "text": "are there ",
        "userDefined": false
      },
      {
        "text": "freezing rains",
        "alias": "condition",
        "meta": "@weather-condition",
        "userDefined": true
      },
      {
        "text": " expected in ",
        "userDefined": false
      },
      {
        "text": "Glasgow",
        "alias": "address",
        "meta": "@sys.location",
        "userDefined": true
      }
    ],
    "isTemplate": false,
    "count": 0,
    "updated": 1523116480
  },
  {
    "id": "4fdfeeba-6791-49d3-bb35-355ea29a60e3",
    "data": [
      {
        "text": "are we getting ",
        "userDefined": false
      },
      {
        "text": "snow",
        "alias": "condition",
        "meta": "@weather-condition",
        "userDefined": true
      },
      {
        "text": " ",
        "userDefined": false
      },
      {
        "text": "today",
        "alias": "date-time",
        "meta": "@sys.date-time",
        "userDefined": true
      }
    ],
    "isTemplate": false,
    "count": 0,
    "updated": 1523116480
  },
  {
    "id": "13fddb03-4230-40c6-97b3-85bd92283f46",
    "data": [
      {
        "text": "will it be ",
        "userDefined": false
      },
      {
        "text": "raining",
        "alias": "condition",
        "meta": "@weather-condition",
        "userDefined": true
      },
      {
        "text": " ",
        "userDefined": false
      },
      {
        "text": "tomorrow",
        "alias": "date-time",
        "meta": "@sys.date-time",
        "userDefined": true
      }
    ],
    "isTemplate": false,
    "count": 0,
    "updated": 1523116480
  },
  {
    "id": "d4d9d841-35f1-4640-885b-d4d782c09dbf",
    "data": [
      {
        "text": "any chance of ",
        "userDefined": false
      },
      {
        "text": "tornadoes",
        "alias": "condition",
        "meta": "@weather-condition",
        "userDefined": true
      }
    ],
    "isTemplate": false,
    "count": 0,
    "updated": 1523116480
  },
  {
    "id": "07409f1d-4c07-47bf-bbec-beafefa77464",
    "data": [
      {
        "text": "is it going to ",
        "userDefined": false
      },
      {
        "text": "snow",
        "alias": "condition",
        "meta": "@weather-condition",
        "userDefined": true
      },
      {
        "text": " in ",
        "userDefined": false
      },
      {
        "text": "Denver",
        "alias": "address",
        "meta": "@sys.location",
        "userDefined": true
      }
    ],
    "isTemplate": false,
    "count": 0,
    "updated": 1523116480
  },
  {
    "id": "ddc8ca8f-79f2-4be3-b1e1-d81590c53270",
    "data": [
      {
        "text": "when will it ",
        "userDefined": false
      },
      {
        "text": "rain",
        "alias": "condition",
        "meta": "@weather-condition",
        "userDefined": true
      }
    ],
    "isTemplate": false,
    "count": 0,
    "updated": 1523116480
  },
  {
    "id": "d58a3150-00ac-4491-b6c7-66f5b77dcae2",
    "data": [
      {
        "text": "is it going to ",
        "userDefined": false
      },
      {
        "text": "rain",
        "alias": "condition",
        "meta": "@weather-condition",
        "userDefined": true
      },
      {
        "text": " ",
        "userDefined": false
      },
      {
        "text": "this Friday",
        "alias": "date-time",
        "meta": "@sys.date-time",
        "userDefined": true
      }
    ],
    "isTemplate": false,
    "count": 0,
    "updated": 1523116480
  },
  {
    "id": "fac8f880-69e7-4de2-aa1a-713edb59b75b",
    "data": [
      {
        "text": "will it be ",
        "userDefined": false
      },
      {
        "text": "foggy",
        "alias": "condition",
        "meta": "@weather-condition",
        "userDefined": true
      }
    ],
    "isTemplate": false,
    "count": 0,
    "updated": 1523116480
  },
  {
    "id": "911b9dda-7314-4052-9b3c-97859729826d",
    "data": [
      {
        "text": "is it supposed to ",
        "userDefined": false
      },
      {
        "text": "snow",
        "alias": "condition",
        "meta": "@weather-condition",
        "userDefined": true
      }
    ],
    "isTemplate": false,
    "count": 0,
    "updated": 1523116480
  },
  {
    "id": "eb0f550c-b858-4559-89d3-509bbf960a4b",
    "data": [
      {
        "text": "will it be ",
        "userDefined": false
      },
      {
        "text": "foggy",
        "alias": "condition",
        "meta": "@weather-condition",
        "userDefined": true
      },
      {
        "text": " on ",
        "userDefined": false
      },
      {
        "text": "July 22",
        "alias": "date-time",
        "meta": "@sys.date-time",
        "userDefined": true
      }
    ],
    "isTemplate": false,
    "count": 0,
    "updated": 1523116480
  },
  {
    "id": "b84d3ee3-c4f7-43dc-a264-13e0cce68086",
    "data": [
      {
        "text": "is it going to ",
        "userDefined": false
      },
      {
        "text": "snow",
        "alias": "condition",
        "meta": "@weather-condition",
        "userDefined": true
      },
      {
        "text": " in ",
        "userDefined": false
      },
      {
        "text": "Paris",
        "alias": "address",
        "meta": "@sys.location",
        "userDefined": true
      },
      {
        "text": " on ",
        "userDefined": false
      },
      {
        "text": "Sunday",
        "alias": "date-time",
        "meta": "@sys.date-time",
        "userDefined": true
      }
    ],
    "isTemplate": false,
    "count": 0,
    "updated": 1523116480
  },
  {
    "id": "840ecb5d-9b5b-49fb-b4fa-6ab2f5ee6f7b",
    "data": [
      {
        "text": "any chance of ",
        "userDefined": false
      },
      {
        "text": "snow showers",
        "alias": "condition",
        "meta": "@weather-condition",
        "userDefined": true
      },
      {
        "text": " ",
        "userDefined": false
      },
      {
        "text": "tomorrow",
        "alias": "date-time",
        "meta": "@sys.date-time",
        "userDefined": true
      },
      {
        "text": " in ",
        "userDefined": false
      },
      {
        "text": "Barcelona",
        "alias": "address",
        "meta": "@sys.location",
        "userDefined": true
      }
    ],
    "isTemplate": false,
    "count": 0,
    "updated": 1523116480
  },
  {
    "id": "05a45371-04f6-4243-87f1-ac01ed0b8715",
    "data": [
      {
        "text": "what is",
        "meta": "@sys.ignore",
        "userDefined": false
      },
      {
        "text": " the weather forecast for ",
        "userDefined": false
      },
      {
        "text": "snow",
        "alias": "condition",
        "meta": "@weather-condition",
        "userDefined": true
      },
      {
        "text": " in ",
        "userDefined": false
      },
      {
        "text": "New York",
        "alias": "address",
        "meta": "@sys.location",
        "userDefined": true
      },
      {
        "text": " ",
        "userDefined": false
      },
      {
        "text": "today",
        "alias": "date-time",
        "meta": "@sys.date-time",
        "userDefined": true
      }
    ],
    "isTemplate": false,
    "count": 0,
    "updated": 1523116480
  },
  {
    "id": "0c30f5c6-14bc-4ac4-ae0d-9bbb20d03a93",
    "data": [
      {
        "text": "is it supposed to ",
        "userDefined": false
      },
      {
        "text": "snow",
        "alias": "condition",
        "meta": "@weather-condition",
        "userDefined": true
      },
      {
        "text": " ",
        "userDefined": false
      },
      {
        "text": "today",
        "alias": "date-time",
        "meta": "@sys.date-time",
        "userDefined": true
      }
    ],
    "isTemplate": false,
    "count": 0,
    "updated": 1523116480
  },
  {
    "id": "9b7f7af5-4ac7-4f0f-8243-ae51cc500984",
    "data": [
      {
        "text": "are there ",
        "userDefined": false
      },
      {
        "text": "hurricanes",
        "alias": "condition",
        "meta": "@weather-condition",
        "userDefined": true
      },
      {
        "text": " expected",
        "userDefined": false
      }
    ],
    "isTemplate": false,
    "count": 0,
    "updated": 1523116480
  },
  {
    "id": "6b30a1ca-69cb-49cd-958b-0508e27d852e",
    "data": [
      {
        "text": "any ",
        "userDefined": false
      },
      {
        "text": "snow",
        "alias": "condition",
        "meta": "@weather-condition",
        "userDefined": true
      },
      {
        "text": " in the forecast",
        "userDefined": false
      }
    ],
    "isTemplate": false,
    "count": 1,
    "updated": 1523116480
  },
  {
    "id": "c8757843-76e9-4310-8615-68994a1d6705",
    "data": [
      {
        "text": "is it supposed to ",
        "userDefined": false
      },
      {
        "text": "rain",
        "alias": "condition",
        "meta": "@weather-condition",
        "userDefined": true
      },
      {
        "text": " in ",
        "userDefined": false
      },
      {
        "text": "London",
        "alias": "address",
        "meta": "@sys.location",
        "userDefined": true
      }
    ],
    "isTemplate": false,
    "count": 0,
    "updated": 1523116480
  },
  {
    "id": "363a4745-a7d2-43e2-a565-5ef016e2a35e",
    "data": [
      {
        "text": "does it ",
        "userDefined": false
      },
      {
        "text": "snow",
        "alias": "condition",
        "meta": "@weather-condition",
        "userDefined": true
      },
      {
        "text": " in ",
        "userDefined": false
      },
      {
        "text": "Moscow",
        "alias": "address",
        "meta": "@sys.location",
        "userDefined": true
      }
    ],
    "isTemplate": false,
    "count": 0,
    "updated": 1523116480
  },
  {
    "id": "dafe535c-9c42-46ba-bb26-64cdc1077333",
    "data": [
      {
        "text": "any ",
        "userDefined": false
      },
      {
        "text": "snow",
        "alias": "condition",
        "meta": "@weather-condition",
        "userDefined": true
      },
      {
        "text": " in the forecast for ",
        "userDefined": false
      },
      {
        "text": "next Monday",
        "alias": "date-time",
        "meta": "@sys.date-time",
        "userDefined": true
      }
    ],
    "isTemplate": false,
    "count": 0,
    "updated": 1523116480
  },
  {
    "id": "a16547ac-764a-4674-8e9e-f007f7be81c5",
    "data": [
      {
        "text": "any ",
        "userDefined": false
      },
      {
        "text": "drizzle",
        "alias": "condition",
        "meta": "@weather-condition",
        "userDefined": true
      },
      {
        "text": " in the forecast for ",
        "userDefined": false
      },
      {
        "text": "Vienna",
        "alias": "address",
        "meta": "@sys.location",
        "userDefined": true
      },
      {
        "text": " ",
        "userDefined": false
      },
      {
        "text": "this weekend",
        "alias": "date-time",
        "meta": "@sys.date-time",
        "userDefined": true
      }
    ],
    "isTemplate": false,
    "count": 0,
    "updated": 1523116480
  },
  {
    "id": "41d4e859-7662-496c-8125-9758cc970319",
    "data": [
      {
        "text": "chances of ",
        "userDefined": false
      },
      {
        "text": "storm",
        "alias": "condition",
        "meta": "@weather-condition",
        "userDefined": true
      }
    ],
    "isTemplate": false,
    "count": 0,
    "updated": 1523116480
  },
  {
    "id": "af59a825-a22a-4441-bba3-07d8752392c3",
    "data": [
      {
        "text": "any chance of ",
        "userDefined": false
      },
      {
        "text": "thunderstorms",
        "alias": "condition",
        "meta": "@weather-condition",
        "userDefined": true
      },
      {
        "text": " in ",
        "userDefined": false
      },
      {
        "text": "Colorado",
        "alias": "address",
        "meta": "@sys.location",
        "userDefined": true
      }
    ],
    "isTemplate": false,
    "count": 0,
    "updated": 1523116480
  },
  {
    "id": "080a4612-ba50-4e68-91f1-2eff64b1990c",
    "data": [
      {
        "text": "but is",
        "meta": "@sys.ignore",
        "userDefined": false
      },
      {
        "text": " it going to ",
        "userDefined": false
      },
      {
        "text": "rain",
        "alias": "condition",
        "meta": "@weather-condition",
        "userDefined": false
      }
    ],
    "isTemplate": false,
    "count": 0,
    "updated": 1523116480
  },
  {
    "id": "050a47f3-1f45-4aa8-a138-2936d3618818",
    "data": [
      {
        "text": "do you think it will start ",
        "userDefined": false
      },
      {
        "text": "raining",
        "alias": "condition",
        "meta": "@weather-condition",
        "userDefined": true
      },
      {
        "text": " soon",
        "userDefined": false
      }
    ],
    "isTemplate": false,
    "count": 0,
    "updated": 1523116480
  },
  {
    "id": "5ae11618-ebf0-491b-90c4-cb8d17e72d8f",
    "data": [
      {
        "text": "is it supposed to ",
        "userDefined": false
      },
      {
        "text": "snow",
        "alias": "condition",
        "meta": "@weather-condition",
        "userDefined": true
      },
      {
        "text": " on ",
        "userDefined": false
      },
      {
        "text": "Friday",
        "alias": "date-time",
        "meta": "@sys.date-time",
        "userDefined": true
      }
    ],
    "isTemplate": false,
    "count": 0,
    "updated": 1523116480
  },
  {
    "id": "f013d800-ad45-40cd-95ef-b657b2e14842",
    "data": [
      {
        "text": "any chance of ",
        "userDefined": false
      },
      {
        "text": "tornadoes",
        "alias": "condition",
        "meta": "@weather-condition",
        "userDefined": true
      },
      {
        "text": " on the ",
        "userDefined": false
      },
      {
        "text": "weekend",
        "alias": "date-time",
        "meta": "@sys.date-time",
        "userDefined": true
      }
    ],
    "isTemplate": false,
    "count": 0,
    "updated": 1523116480
  },
  {
    "id": "6e561afa-c6ec-4397-8a55-024e395061d3",
    "data": [
      {
        "text": "are there ",
        "userDefined": false
      },
      {
        "text": "hurricanes",
        "alias": "condition",
        "meta": "@weather-condition",
        "userDefined": true
      },
      {
        "text": " expected ",
        "userDefined": false
      },
      {
        "text": "next week",
        "alias": "date-time",
        "meta": "@sys.date-time",
        "userDefined": true
      }
    ],
    "isTemplate": false,
    "count": 0,
    "updated": 1523116480
  },
  {
    "id": "92434110-4c14-4313-87fe-da9a6dbfd288",
    "data": [
      {
        "text": "when will it ",
        "userDefined": false
      },
      {
        "text": "rain",
        "alias": "condition",
        "meta": "@weather-condition",
        "userDefined": true
      },
      {
        "text": " ",
        "userDefined": false
      },
      {
        "text": "today",
        "alias": "date-time",
        "meta": "@sys.date-time",
        "userDefined": true
      }
    ],
    "isTemplate": false,
    "count": 0,
    "updated": 1523116480
  },
  {
    "id": "cae9f1c8-fc48-4e9f-904e-374fb54adc32",
    "data": [
      {
        "text": "chances of ",
        "userDefined": false
      },
      {
        "text": "storm",
        "alias": "condition",
        "meta": "@weather-condition",
        "userDefined": true
      },
      {
        "text": " ",
        "userDefined": false
      },
      {
        "text": "this month",
        "alias": "date-time",
        "meta": "@sys.date-time",
        "userDefined": true
      }
    ],
    "isTemplate": false,
    "count": 0,
    "updated": 1523116480
  },
  {
    "id": "ee75ad34-cb76-4f1e-9f66-fcc38c6ff0ec",
    "data": [
      {
        "text": "when will it ",
        "userDefined": false
      },
      {
        "text": "rain",
        "alias": "condition",
        "meta": "@weather-condition",
        "userDefined": true
      },
      {
        "text": " in ",
        "userDefined": false
      },
      {
        "text": "Oslo",
        "alias": "address",
        "meta": "@sys.location",
        "userDefined": true
      },
      {
        "text": " ",
        "userDefined": false
      },
      {
        "text": "today",
        "alias": "date-time",
        "meta": "@sys.date-time",
        "userDefined": true
      }
    ],
    "isTemplate": false,
    "count": 0,
    "updated": 1523116480
  },
  {
    "id": "8ccc989c-80d6-4fbf-ad95-e5ad10953742",
    "data": [
      {
        "text": "will it ",
        "userDefined": false
      },
      {
        "text": "rain",
        "alias": "condition",
        "meta": "@weather-condition",
        "userDefined": true
      },
      {
        "text": " ",
        "userDefined": false
      },
      {
        "text": "tomorrow",
        "alias": "date-time",
        "meta": "@sys.date-time",
        "userDefined": true
      },
      {
        "text": " in ",
        "userDefined": false
      },
      {
        "text": "Paris",
        "alias": "address",
        "meta": "@sys.location",
        "userDefined": true
      }
    ],
    "isTemplate": false,
    "count": 0,
    "updated": 1523116480
  },
  {
    "id": "0200f7b6-422d-448f-a639-531b12859408",
    "data": [
      {
        "text": "is it ",
        "userDefined": false
      },
      {
        "text": "raining",
        "alias": "condition",
        "meta": "@weather-condition",
        "userDefined": true
      },
      {
        "text": " here",
        "userDefined": false
      }
    ],
    "isTemplate": false,
    "count": 0,
    "updated": 1523116480
  }
]