[
  {
    "id": "d020d9c3-8617-43a4-8531-0dd79173ebb4",
    "data": [
      {
        "text": "wie ist ",
        "userDefined": false
      },
      {
        "text": "heute Morgen",
        "alias": "date-time",
        "meta": "@sys.date-time",
        "userDefined": true
      },
      {
        "text": " das Wetter in ",
        "userDefined": false
      },
      {
        "text": "Berlin",
        "alias": "address",
        "meta": "@sys.location",
        "userDefined": true
      }
    ],
    "isTemplate": false,
    "count": 0,
    "updated": 0
  },
  {
    "id": "27c7c457-12bf-4c42-ad96-1877e53820e7",
    "data": [
      {
        "text": "Wetter",
        "meta": "@sys.ignore",
        "userDefined": false
      },
      {
        "text": " für\u0027s ",
        "userDefined": false
      },
      {
        "text": "Wochenende",
        "alias": "date-time",
        "meta": "@sys.date-time",
        "userDefined": false
      }
    ],
    "isTemplate": false,
    "count": 0,
    "updated": 0
  },
  {
    "id": "dadb0324-1928-47ea-99cd-681fb7395192",
    "data": [
      {
        "text": "wie wird das Wetter ",
        "userDefined": false
      },
      {
        "text": "heute",
        "alias": "date-time",
        "meta": "@sys.date-time",
        "userDefined": true
      },
      {
        "text": " in ",
        "userDefined": false
      },
      {
        "text": "Dossenheim",
        "alias": "address",
        "meta": "@sys.location",
        "userDefined": true
      }
    ],
    "isTemplate": false,
    "count": 0,
    "updated": 0
  },
  {
    "id": "a5e86bc7-96c8-4356-919e-ce4a2ff8faba",
    "data": [
      {
        "text": "wie wird das Wetter ",
        "userDefined": false
      },
      {
        "text": "nächste Woche",
        "alias": "date-time",
        "meta": "@sys.date-time",
        "userDefined": true
      },
      {
        "text": " in ",
        "userDefined": false
      },
      {
        "text": "Wilhelmshaven",
        "alias": "address",
        "meta": "@sys.location",
        "userDefined": true
      }
    ],
    "isTemplate": false,
    "count": 0,
    "updated": 0
  },
  {
    "id": "80167a5c-46b9-4288-bd98-c93761ff12ae",
    "data": [
      {
        "text": "Wettervorhersage für ",
        "userDefined": false
      },
      {
        "text": "80331 München",
        "alias": "address",
        "meta": "@sys.location",
        "userDefined": true
      }
    ],
    "isTemplate": false,
    "count": 0,
    "updated": 0
  },
  {
    "id": "95688938-f620-418b-a4f5-fc79d416c1e3",
    "data": [
      {
        "text": "wie wird das ",
        "userDefined": false
      },
      {
        "text": "Wetter",
        "meta": "@sys.ignore",
        "userDefined": false
      },
      {
        "text": " ",
        "userDefined": false
      },
      {
        "text": "morgen",
        "alias": "date-time",
        "meta": "@sys.date-time",
        "userDefined": false
      },
      {
        "text": " in ",
        "userDefined": false
      },
      {
        "text": "Haldensleben",
        "alias": "address",
        "meta": "@sys.location",
        "userDefined": false
      }
    ],
    "isTemplate": false,
    "count": 0,
    "updated": 0
  },
  {
    "id": "43cb19a0-a932-4a20-84df-7680917938c9",
    "data": [
      {
        "text": "du",
        "meta": "@sys.ignore",
        "userDefined": false
      },
      {
        "text": " sollst mir jetzt sofort sagen ",
        "userDefined": false
      },
      {
        "text": "welches",
        "meta": "@sys.ignore",
        "userDefined": false
      },
      {
        "text": " ",
        "userDefined": false
      },
      {
        "text": "Wetter",
        "meta": "@sys.ignore",
        "userDefined": false
      },
      {
        "text": " wir in ",
        "userDefined": false
      },
      {
        "text": "Maastricht",
        "alias": "address",
        "meta": "@sys.location",
        "userDefined": true
      },
      {
        "text": " haben",
        "userDefined": false
      }
    ],
    "isTemplate": false,
    "count": 0,
    "updated": 0
  },
  {
    "id": "04a7b9be-6cdf-4552-a375-9a2397ff94b4",
    "data": [
      {
        "text": "Wetter",
        "meta": "@sys.ignore",
        "userDefined": false
      },
      {
        "text": " ",
        "userDefined": false
      },
      {
        "text": "auf",
        "meta": "@sys.ignore",
        "userDefined": false
      },
      {
        "text": " ",
        "userDefined": false
      },
      {
        "text": "Celsius",
        "alias": "unit",
        "meta": "@unit-temperature",
        "userDefined": false
      }
    ],
    "isTemplate": false,
    "count": 0,
    "updated": 0
  },
  {
    "id": "5113d183-66e3-42e9-a5cb-f6029d4c2ae6",
    "data": [
      {
        "text": "Wetter",
        "meta": "@sys.ignore",
        "userDefined": false
      }
    ],
    "isTemplate": false,
    "count": 1,
    "updated": 0
  },
  {
    "id": "46cd04e6-a8f3-43ea-96e1-a2af9670f31b",
    "data": [
      {
        "text": "Wetter",
        "meta": "@sys.ignore",
        "userDefined": false
      },
      {
        "text": " für ",
        "userDefined": false
      },
      {
        "text": "nächste Woche",
        "alias": "date-time",
        "meta": "@sys.date-time",
        "userDefined": false
      }
    ],
    "isTemplate": false,
    "count": 1,
    "updated": 0
  },
  {
    "id": "c3d64f9d-4880-4f40-b1f8-6d60e06d8a1c",
    "data": [
      {
        "text": "Wettervorhersage für ",
        "userDefined": false
      },
      {
        "text": "Wien",
        "alias": "address",
        "meta": "@sys.location",
        "userDefined": false
      }
    ],
    "isTemplate": false,
    "count": 0,
    "updated": 0
  },
  {
    "id": "3be53b73-51e2-4d0d-9305-660ab3bbfcd1",
    "data": [
      {
        "text": "kannst ",
        "userDefined": false
      },
      {
        "text": "du",
        "meta": "@sys.ignore",
        "userDefined": false
      },
      {
        "text": " mir das ",
        "userDefined": false
      },
      {
        "text": "Wetter",
        "meta": "@sys.ignore",
        "userDefined": false
      },
      {
        "text": " von ",
        "userDefined": false
      },
      {
        "text": "heute",
        "alias": "date-time",
        "meta": "@sys.date-time",
        "userDefined": false
      },
      {
        "text": " sagen",
        "userDefined": false
      }
    ],
    "isTemplate": false,
    "count": 0,
    "updated": 0
  },
  {
    "id": "c208620a-45df-4db0-9926-511dcb08b465",
    "data": [
      {
        "text": "sag mir die Wettervorhersage für ",
        "userDefined": false
      },
      {
        "text": "morgen",
        "alias": "date-time",
        "meta": "@sys.date-time",
        "userDefined": false
      }
    ],
    "isTemplate": false,
    "count": 0,
    "updated": 0
  },
  {
    "id": "81d20030-39cc-4b7e-bd2b-9d2bec9c4956",
    "data": [
      {
        "text": "sag wie das ",
        "userDefined": false
      },
      {
        "text": "Wetter",
        "meta": "@sys.ignore",
        "userDefined": false
      },
      {
        "text": " ",
        "userDefined": false
      },
      {
        "text": "morgen",
        "alias": "date-time",
        "meta": "@sys.date-time",
        "userDefined": false
      },
      {
        "text": " wird",
        "userDefined": false
      }
    ],
    "isTemplate": false,
    "count": 0,
    "updated": 0
  },
  {
    "id": "72d913c9-ad55-462c-8bad-623cde17ecb6",
    "data": [
      {
        "text": "wie ist das ",
        "userDefined": false
      },
      {
        "text": "Wetter",
        "meta": "@sys.ignore",
        "userDefined": false
      },
      {
        "text": " jetzt in ",
        "userDefined": false
      },
      {
        "text": "Dresden",
        "alias": "address",
        "meta": "@sys.location",
        "userDefined": false
      }
    ],
    "isTemplate": false,
    "count": 0,
    "updated": 0
  },
  {
    "id": "172e313a-72c4-433a-932d-6799cde03334",
    "data": [
      {
        "text": "wie ist das ",
        "userDefined": false
      },
      {
        "text": "Wetter",
        "meta": "@sys.ignore",
        "userDefined": false
      },
      {
        "text": " ",
        "userDefined": false
      },
      {
        "text": "morgen",
        "alias": "date-time",
        "meta": "@sys.date-time",
        "userDefined": false
      },
      {
        "text": " in",
        "userDefined": false
      }
    ],
    "isTemplate": false,
    "count": 0,
    "updated": 0
  },
  {
    "id": "ac865dd9-aa12-477a-94c8-9e3c53da9c0e",
    "data": [
      {
        "text": "wie ist die Wettervorhersage für ",
        "userDefined": false
      },
      {
        "text": "diese Woche",
        "alias": "date-time",
        "meta": "@sys.date-time",
        "userDefined": false
      }
    ],
    "isTemplate": false,
    "count": 0,
    "updated": 0
  },
  {
    "id": "02b4d064-d75c-4935-a65d-7bf70f6d0491",
    "data": [
      {
        "text": "wie schaut das ",
        "userDefined": false
      },
      {
        "text": "Wetter",
        "meta": "@sys.ignore",
        "userDefined": false
      },
      {
        "text": " ",
        "userDefined": false
      },
      {
        "text": "heute",
        "alias": "date-time",
        "meta": "@sys.date-time",
        "userDefined": false
      },
      {
        "text": " aus",
        "userDefined": false
      }
    ],
    "isTemplate": false,
    "count": 0,
    "updated": 0
  },
  {
    "id": "917c3766-ddc3-4014-a384-9175aba8617e",
    "data": [
      {
        "text": "wie sieht das ",
        "userDefined": false
      },
      {
        "text": "Wetter",
        "meta": "@sys.ignore",
        "userDefined": false
      },
      {
        "text": " für ",
        "userDefined": false
      },
      {
        "text": "heute",
        "alias": "date-time",
        "meta": "@sys.date-time",
        "userDefined": false
      },
      {
        "text": " aus",
        "userDefined": false
      }
    ],
    "isTemplate": false,
    "count": 0,
    "updated": 0
  },
  {
    "id": "c8e01ace-3944-45d3-86c3-35430ffbf5ac",
    "data": [
      {
        "text": "wie wird das ",
        "userDefined": false
      },
      {
        "text": "Wetter",
        "meta": "@sys.ignore",
        "userDefined": false
      },
      {
        "text": " ",
        "userDefined": false
      },
      {
        "text": "heute",
        "alias": "date-time",
        "meta": "@sys.date-time",
        "userDefined": false
      },
      {
        "text": " ",
        "userDefined": false
      },
      {
        "text": "nacht",
        "meta": "@sys.ignore",
        "userDefined": false
      },
      {
        "text": " in ",
        "userDefined": false
      },
      {
        "text": "Burgdorf",
        "alias": "address",
        "meta": "@sys.location",
        "userDefined": false
      }
    ],
    "isTemplate": false,
    "count": 0,
    "updated": 0
  },
  {
    "id": "ccfd70fb-ed5f-42cd-8efc-12c7049ad056",
    "data": [
      {
        "text": "wie wird das ",
        "userDefined": false
      },
      {
        "text": "Wetter",
        "meta": "@sys.ignore",
        "userDefined": false
      },
      {
        "text": " in ",
        "userDefined": false
      },
      {
        "text": "Laufersweiler",
        "alias": "address",
        "meta": "@sys.location",
        "userDefined": true
      },
      {
        "text": " ",
        "userDefined": false
      },
      {
        "text": "heute",
        "alias": "date-time",
        "meta": "@sys.date-time",
        "userDefined": false
      }
    ],
    "isTemplate": false,
    "count": 0,
    "updated": 0
  },
  {
    "id": "014b3856-238a-4f1a-8462-95ca7ae0c0ca",
    "data": [
      {
        "text": "Augsburg",
        "alias": "address",
        "meta": "@sys.location",
        "userDefined": false
      },
      {
        "text": " ",
        "userDefined": false
      },
      {
        "text": "Wetter",
        "meta": "@sys.ignore",
        "userDefined": false
      }
    ],
    "isTemplate": false,
    "count": 0,
    "updated": 0
  },
  {
    "id": "1a0a4cd0-ca7a-43d4-9f3a-46b08b0c5324",
    "data": [
      {
        "text": "Wetter",
        "meta": "@sys.ignore",
        "userDefined": false
      },
      {
        "text": " für ",
        "userDefined": false
      },
      {
        "text": "morgen",
        "alias": "date-time",
        "meta": "@sys.date-time",
        "userDefined": false
      },
      {
        "text": " bitte",
        "userDefined": false
      }
    ],
    "isTemplate": false,
    "count": 0,
    "updated": 0
  },
  {
    "id": "21f2fea9-c2a4-41c3-a984-18c7fde69093",
    "data": [
      {
        "text": "Wetter",
        "meta": "@sys.ignore",
        "userDefined": false
      },
      {
        "text": " ",
        "userDefined": false
      },
      {
        "text": "heute",
        "alias": "date-time",
        "meta": "@sys.date-time",
        "userDefined": false
      },
      {
        "text": " ",
        "userDefined": false
      },
      {
        "text": "nacht",
        "meta": "@sys.ignore",
        "userDefined": false
      }
    ],
    "isTemplate": false,
    "count": 0,
    "updated": 0
  },
  {
    "id": "9d778d77-f616-4df3-bba1-07dd577752d7",
    "data": [
      {
        "text": "gib mir bitte das ",
        "userDefined": false
      },
      {
        "text": "Wetter",
        "meta": "@sys.ignore",
        "userDefined": false
      },
      {
        "text": " ",
        "userDefined": false
      },
      {
        "text": "in",
        "meta": "@sys.ignore",
        "userDefined": false
      },
      {
        "text": " ",
        "userDefined": false
      },
      {
        "text": "Celcius",
        "alias": "unit",
        "meta": "@unit-temperature",
        "userDefined": true
      },
      {
        "text": " ",
        "userDefined": false
      },
      {
        "text": "in",
        "meta": "@sys.ignore",
        "userDefined": false
      },
      {
        "text": " ",
        "userDefined": false
      },
      {
        "text": "Bebra",
        "alias": "address",
        "meta": "@sys.location",
        "userDefined": false
      },
      {
        "text": " ",
        "userDefined": false
      },
      {
        "text": "an",
        "meta": "@sys.ignore",
        "userDefined": false
      }
    ],
    "isTemplate": false,
    "count": 0,
    "updated": 0
  },
  {
    "id": "aea33c58-a8b5-40ab-bf0a-a003a532d9c0",
    "data": [
      {
        "text": "wie wird das ",
        "userDefined": false
      },
      {
        "text": "Wetter",
        "meta": "@sys.ignore",
        "userDefined": false
      },
      {
        "text": " ",
        "userDefined": false
      },
      {
        "text": "heute",
        "alias": "date-time",
        "meta": "@sys.date-time",
        "userDefined": false
      },
      {
        "text": " ",
        "userDefined": false
      },
      {
        "text": "in",
        "meta": "@sys.ignore",
        "userDefined": false
      },
      {
        "text": " ",
        "userDefined": false
      },
      {
        "text": "Kohlscheid",
        "alias": "address",
        "meta": "@sys.location",
        "userDefined": false
      }
    ],
    "isTemplate": false,
    "count": 0,
    "updated": 0
  },
  {
    "id": "b90e258e-a3c5-475f-b592-fe803fa8563a",
    "data": [
      {
        "text": "wie wird das ",
        "userDefined": false
      },
      {
        "text": "Wetter",
        "meta": "@sys.ignore",
        "userDefined": false
      },
      {
        "text": " ",
        "userDefined": false
      },
      {
        "text": "heute",
        "alias": "date-time",
        "meta": "@sys.date-time",
        "userDefined": false
      },
      {
        "text": " ",
        "userDefined": false
      },
      {
        "text": "in",
        "meta": "@sys.ignore",
        "userDefined": false
      },
      {
        "text": " ",
        "userDefined": false
      },
      {
        "text": "Mühlheim an der Ruhr",
        "alias": "address",
        "meta": "@sys.location",
        "userDefined": false
      }
    ],
    "isTemplate": false,
    "count": 0,
    "updated": 0
  },
  {
    "id": "28f58a5e-d1ab-4bff-8ccd-904b8861e393",
    "data": [
      {
        "text": "Wettervorhersage ",
        "userDefined": false
      },
      {
        "text": "Berlin",
        "alias": "address",
        "meta": "@sys.location",
        "userDefined": true
      }
    ],
    "isTemplate": false,
    "count": 0,
    "updated": 0
  },
  {
    "id": "80f83dc3-fd54-4b10-b0f6-23778c299dfb",
    "data": [
      {
        "text": "Wetter",
        "meta": "@sys.ignore",
        "userDefined": false
      },
      {
        "text": " suchen",
        "userDefined": false
      }
    ],
    "isTemplate": false,
    "count": 0,
    "updated": 0
  },
  {
    "id": "b4ff136f-f6ea-4e7b-b938-f8fc674e9e1e",
    "data": [
      {
        "text": "gibt es ",
        "userDefined": false
      },
      {
        "text": "morgen",
        "alias": "date-time",
        "meta": "@sys.date-time",
        "userDefined": false
      },
      {
        "text": " schönes ",
        "userDefined": false
      },
      {
        "text": "Wetter",
        "meta": "@sys.ignore",
        "userDefined": false
      }
    ],
    "isTemplate": false,
    "count": 0,
    "updated": 0
  },
  {
    "id": "a3866cb0-a51d-4483-962c-68bdf7cbecfe",
    "data": [
      {
        "text": "haben wir ",
        "userDefined": false
      },
      {
        "text": "heute",
        "alias": "date-time",
        "meta": "@sys.date-time",
        "userDefined": false
      },
      {
        "text": " schönes ",
        "userDefined": false
      },
      {
        "text": "Wetter",
        "meta": "@sys.ignore",
        "userDefined": false
      }
    ],
    "isTemplate": false,
    "count": 0,
    "updated": 0
  },
  {
    "id": "9c76d3a5-455b-4e2c-acf6-dfd184059137",
    "data": [
      {
        "text": "wie wird das ",
        "userDefined": false
      },
      {
        "text": "Wetter",
        "meta": "@sys.ignore",
        "userDefined": false
      },
      {
        "text": " ",
        "userDefined": false
      },
      {
        "text": "morgen",
        "alias": "date-time",
        "meta": "@sys.date-time",
        "userDefined": false
      }
    ],
    "isTemplate": false,
    "count": 1,
    "updated": 0
  },
  {
    "id": "09f1eb95-bcf3-4d00-9486-85049a8cf431",
    "data": [
      {
        "text": "Wettervorhersage für ",
        "userDefined": false
      },
      {
        "text": "diese Woche",
        "alias": "date-time",
        "meta": "@sys.date-time",
        "userDefined": false
      },
      {
        "text": ".",
        "userDefined": false
      }
    ],
    "isTemplate": false,
    "count": 0,
    "updated": 0
  },
  {
    "id": "68468dfe-bdeb-41bd-aacd-6f3cb14dde96",
    "data": [
      {
        "text": "wie ist das ",
        "userDefined": false
      },
      {
        "text": "Wetter",
        "meta": "@sys.ignore",
        "userDefined": false
      },
      {
        "text": " ",
        "userDefined": false
      },
      {
        "text": "heute",
        "alias": "date-time",
        "meta": "@sys.date-time",
        "userDefined": false
      }
    ],
    "isTemplate": false,
    "count": 3,
    "updated": 0
  },
  {
    "id": "72847103-deda-434b-bf4d-009bbb207d44",
    "data": [
      {
        "text": "wie wird das ",
        "userDefined": false
      },
      {
        "text": "Wetter",
        "meta": "@sys.ignore",
        "userDefined": false
      }
    ],
    "isTemplate": false,
    "count": 0,
    "updated": 0
  },
  {
    "id": "58fd6fbe-be50-4407-99eb-109ed5a8e6d0",
    "data": [
      {
        "text": "wie wird ",
        "userDefined": false
      },
      {
        "text": "morgen",
        "alias": "date-time",
        "meta": "@sys.date-time",
        "userDefined": false
      },
      {
        "text": " das ",
        "userDefined": false
      },
      {
        "text": "Wetter",
        "meta": "@sys.ignore",
        "userDefined": false
      }
    ],
    "isTemplate": false,
    "count": 1,
    "updated": 0
  },
  {
    "id": "300b069e-c0f9-4770-b662-af5d7d89ba66",
    "data": [
      {
        "text": "wie ist das ",
        "userDefined": false
      },
      {
        "text": "Wetter",
        "meta": "@sys.ignore",
        "userDefined": false
      },
      {
        "text": " ",
        "userDefined": false
      },
      {
        "text": "morgen",
        "alias": "date-time",
        "meta": "@sys.date-time",
        "userDefined": false
      }
    ],
    "isTemplate": false,
    "count": 1,
    "updated": 0
  },
  {
    "id": "3f30e122-b89c-435a-920f-61a6f6a32470",
    "data": [
      {
        "text": "das ",
        "userDefined": false
      },
      {
        "text": "Wetter",
        "meta": "@sys.ignore",
        "userDefined": false
      }
    ],
    "isTemplate": false,
    "count": 0,
    "updated": 0
  },
  {
    "id": "84fc036a-8272-4340-8e56-8f6067616a0f",
    "data": [
      {
        "text": "wie wird ",
        "userDefined": false
      },
      {
        "text": "heute",
        "alias": "date-time",
        "meta": "@sys.date-time",
        "userDefined": false
      },
      {
        "text": " das ",
        "userDefined": false
      },
      {
        "text": "Wetter",
        "meta": "@sys.ignore",
        "userDefined": false
      }
    ],
    "isTemplate": false,
    "count": 1,
    "updated": 0
  },
  {
    "id": "c76ca2f4-ecd8-4e47-8d4a-35d47d85a3b0",
    "data": [
      {
        "text": "Wetter",
        "meta": "@sys.ignore",
        "userDefined": false
      },
      {
        "text": " ",
        "userDefined": false
      },
      {
        "text": "morgen",
        "alias": "date-time",
        "meta": "@sys.date-time",
        "userDefined": false
      }
    ],
    "isTemplate": false,
    "count": 1,
    "updated": 0
  },
  {
    "id": "c3184db9-6059-4d77-b8c6-9379ada35f8c",
    "data": [
      {
        "text": "wie ist das ",
        "userDefined": false
      },
      {
        "text": "Wetter",
        "meta": "@sys.ignore",
        "userDefined": false
      },
      {
        "text": " draußen",
        "userDefined": false
      }
    ],
    "isTemplate": false,
    "count": 0,
    "updated": 0
  },
  {
    "id": "98d65afc-ab65-40ba-a9b1-351754fcc4f9",
    "data": [
      {
        "text": "Wettervorhersage",
        "userDefined": false
      }
    ],
    "isTemplate": false,
    "count": 0,
    "updated": 0
  },
  {
    "id": "7cba4bd2-5509-46a7-9e90-4cbce4c1eac5",
    "data": [
      {
        "text": "das ",
        "userDefined": false
      },
      {
        "text": "Wetter",
        "meta": "@sys.ignore",
        "userDefined": false
      },
      {
        "text": " ",
        "userDefined": false
      },
      {
        "text": "heute",
        "alias": "date-time",
        "meta": "@sys.date-time",
        "userDefined": false
      }
    ],
    "isTemplate": false,
    "count": 1,
    "updated": 0
  },
  {
    "id": "11e00729-f3d5-4597-a3a1-a0a650b4fba6",
    "data": [
      {
        "text": "wie ist das ",
        "userDefined": false
      },
      {
        "text": "Wetter",
        "meta": "@sys.ignore",
        "userDefined": false
      },
      {
        "text": " in ",
        "userDefined": false
      },
      {
        "text": "berlin",
        "alias": "address",
        "meta": "@sys.location",
        "userDefined": false
      }
    ],
    "isTemplate": false,
    "count": 1,
    "updated": 0
  },
  {
    "id": "71f82f80-1812-413b-8947-08368b854ef0",
    "data": [
      {
        "text": "wie wird das ",
        "userDefined": false
      },
      {
        "text": "Wetter",
        "meta": "@sys.ignore",
        "userDefined": false
      },
      {
        "text": " am ",
        "userDefined": false
      },
      {
        "text": "Wochenende",
        "alias": "date-time",
        "meta": "@sys.date-time",
        "userDefined": false
      }
    ],
    "isTemplate": false,
    "count": 0,
    "updated": 0
  },
  {
    "id": "d9688881-2063-4a06-bff6-eec6e28eced0",
    "data": [
      {
        "text": "wie wird das ",
        "userDefined": false
      },
      {
        "text": "Wetter",
        "meta": "@sys.ignore",
        "userDefined": false
      },
      {
        "text": " ",
        "userDefined": false
      },
      {
        "text": "nächste Woche",
        "alias": "date-time",
        "meta": "@sys.date-time",
        "userDefined": false
      }
    ],
    "isTemplate": false,
    "count": 0,
    "updated": 0
  },
  {
    "id": "5edfffa1-b731-4d2e-aed1-cf0fe50a3e2a",
    "data": [
      {
        "text": "Wetter",
        "meta": "@sys.ignore",
        "userDefined": false
      },
      {
        "text": " für ",
        "userDefined": false
      },
      {
        "text": "morgen",
        "alias": "date-time",
        "meta": "@sys.date-time",
        "userDefined": false
      }
    ],
    "isTemplate": false,
    "count": 0,
    "updated": 0
  },
  {
    "id": "da60247d-5554-4761-ba6b-63428d5823d3",
    "data": [
      {
        "text": "das ",
        "userDefined": false
      },
      {
        "text": "Wetter",
        "meta": "@sys.ignore",
        "userDefined": false
      },
      {
        "text": " ",
        "userDefined": false
      },
      {
        "text": "morgen",
        "alias": "date-time",
        "meta": "@sys.date-time",
        "userDefined": false
      }
    ],
    "isTemplate": false,
    "count": 0,
    "updated": 0
  },
  {
    "id": "a0cfe577-9e02-4252-b50f-d2d1d8fc72c0",
    "data": [
      {
        "text": "wie ist ",
        "userDefined": false
      },
      {
        "text": "heute",
        "alias": "date-time",
        "meta": "@sys.date-time",
        "userDefined": false
      },
      {
        "text": " das ",
        "userDefined": false
      },
      {
        "text": "Wetter",
        "meta": "@sys.ignore",
        "userDefined": false
      }
    ],
    "isTemplate": false,
    "count": 0,
    "updated": 0
  },
  {
    "id": "f8173c17-05b9-436b-ac84-4c498e9f4cce",
    "data": [
      {
        "text": "wie ist das ",
        "userDefined": false
      },
      {
        "text": "Wetter",
        "meta": "@sys.ignore",
        "userDefined": false
      }
    ],
    "isTemplate": false,
    "count": 0,
    "updated": 0
  },
  {
    "id": "4b900c55-0f46-4c78-a198-c05071d9e548",
    "data": [
      {
        "text": "Wettervorhersage für ",
        "userDefined": false
      },
      {
        "text": "diese Woche",
        "alias": "date-time",
        "meta": "@sys.date-time",
        "userDefined": false
      }
    ],
    "isTemplate": false,
    "count": 0,
    "updated": 0
  },
  {
    "id": "e6b78a60-9388-42b5-a461-894516b2a9cf",
    "data": [
      {
        "text": "wie ist ",
        "userDefined": false
      },
      {
        "text": "morgen",
        "alias": "date-time",
        "meta": "@sys.date-time",
        "userDefined": false
      },
      {
        "text": " das ",
        "userDefined": false
      },
      {
        "text": "Wetter",
        "meta": "@sys.ignore",
        "userDefined": false
      }
    ],
    "isTemplate": false,
    "count": 0,
    "updated": 0
  },
  {
    "id": "9cb5f3d6-65be-49be-bbb8-13feda8ac775",
    "data": [
      {
        "text": "wie ist das ",
        "userDefined": false
      },
      {
        "text": "Wetter",
        "meta": "@sys.ignore",
        "userDefined": false
      },
      {
        "text": " in ",
        "userDefined": false
      },
      {
        "text": "Hamburg",
        "alias": "address",
        "meta": "@sys.location",
        "userDefined": false
      }
    ],
    "isTemplate": false,
    "count": 0,
    "updated": 0
  },
  {
    "id": "ce5ceaf9-9bc3-4756-b7ae-e0125bd87455",
    "data": [
      {
        "text": "wie wird das ",
        "userDefined": false
      },
      {
        "text": "Wetter",
        "meta": "@sys.ignore",
        "userDefined": false
      },
      {
        "text": " ",
        "userDefined": false
      },
      {
        "text": "diese Woche",
        "alias": "date-time",
        "meta": "@sys.date-time",
        "userDefined": false
      }
    ],
    "isTemplate": false,
    "count": 0,
    "updated": 0
  },
  {
    "id": "ce494ab7-bfaa-4426-ba67-2fdd58f2a540",
    "data": [
      {
        "text": "welches",
        "meta": "@sys.ignore",
        "userDefined": false
      },
      {
        "text": " ",
        "userDefined": false
      },
      {
        "text": "Wetter",
        "meta": "@sys.ignore",
        "userDefined": false
      },
      {
        "text": " haben wir ",
        "userDefined": false
      },
      {
        "text": "heute",
        "alias": "date-time",
        "meta": "@sys.date-time",
        "userDefined": false
      }
    ],
    "isTemplate": false,
    "count": 0,
    "updated": 0
  },
  {
    "id": "d8d09bb2-4322-40e9-bfeb-4c30000ada61",
    "data": [
      {
        "text": "wie wird das ",
        "userDefined": false
      },
      {
        "text": "Wetter",
        "meta": "@sys.ignore",
        "userDefined": false
      },
      {
        "text": " ",
        "userDefined": false
      },
      {
        "text": "heute",
        "alias": "date-time",
        "meta": "@sys.date-time",
        "userDefined": false
      }
    ],
    "isTemplate": false,
    "count": 1,
    "updated": 0
  },
  {
    "id": "169f7acb-bd33-4bd2-9b64-690f36246e80",
    "data": [
      {
        "text": "das ",
        "userDefined": false
      },
      {
        "text": "Wetter",
        "meta": "@sys.ignore",
        "userDefined": false
      },
      {
        "text": " für ",
        "userDefined": false
      },
      {
        "text": "morgen",
        "alias": "date-time",
        "meta": "@sys.date-time",
        "userDefined": false
      }
    ],
    "isTemplate": false,
    "count": 0,
    "updated": 0
  },
  {
    "id": "0fa1b21d-80a9-4031-a2f3-f227d552ff8b",
    "data": [
      {
        "text": "wie wird das ",
        "userDefined": false
      },
      {
        "text": "Wetter",
        "meta": "@sys.ignore",
        "userDefined": false
      },
      {
        "text": " am ",
        "userDefined": false
      },
      {
        "text": "Samstag",
        "alias": "date-time",
        "meta": "@sys.date-time",
        "userDefined": false
      }
    ],
    "isTemplate": false,
    "count": 0,
    "updated": 0
  },
  {
    "id": "ea497e4c-434c-4d31-8577-06e98659d40e",
    "data": [
      {
        "text": "wie wird das ",
        "userDefined": false
      },
      {
        "text": "Wetter",
        "meta": "@sys.ignore",
        "userDefined": false
      },
      {
        "text": " ",
        "userDefined": false
      },
      {
        "text": "morgen",
        "alias": "date-time",
        "meta": "@sys.date-time",
        "userDefined": false
      },
      {
        "text": " sein",
        "userDefined": false
      }
    ],
    "isTemplate": false,
    "count": 1,
    "updated": 0
  },
  {
    "id": "c4e43ce8-3be6-4b24-914d-cc4f6edd327c",
    "data": [
      {
        "text": "wie wird das ",
        "userDefined": false
      },
      {
        "text": "Wetter",
        "meta": "@sys.ignore",
        "userDefined": false
      },
      {
        "text": " ",
        "userDefined": false
      },
      {
        "text": "morgen",
        "alias": "date-time",
        "meta": "@sys.date-time",
        "userDefined": false
      },
      {
        "text": " in ",
        "userDefined": false
      },
      {
        "text": "Berlin",
        "alias": "address",
        "meta": "@sys.location",
        "userDefined": false
      }
    ],
    "isTemplate": false,
    "count": 0,
    "updated": 0
  },
  {
    "id": "ffadd917-2da4-4fd9-864c-2d68aa71c389",
    "data": [
      {
        "text": "wie ist das ",
        "userDefined": false
      },
      {
        "text": "Wetter",
        "meta": "@sys.ignore",
        "userDefined": false
      },
      {
        "text": " gerade",
        "userDefined": false
      }
    ],
    "isTemplate": false,
    "count": 0,
    "updated": 0
  },
  {
    "id": "b0f3d699-76a8-4c0b-9678-086556fa9740",
    "data": [
      {
        "text": "wie ist das ",
        "userDefined": false
      },
      {
        "text": "Wetter",
        "meta": "@sys.ignore",
        "userDefined": false
      },
      {
        "text": " in ",
        "userDefined": false
      },
      {
        "text": "Wien",
        "alias": "address",
        "meta": "@sys.location",
        "userDefined": false
      }
    ],
    "isTemplate": false,
    "count": 0,
    "updated": 0
  },
  {
    "id": "ebb3bec7-4051-4fd4-bcbd-64fa0b2e348b",
    "data": [
      {
        "text": "aktuelles ",
        "userDefined": false
      },
      {
        "text": "Wetter",
        "meta": "@sys.ignore",
        "userDefined": false
      }
    ],
    "isTemplate": false,
    "count": 0,
    "updated": 0
  },
  {
    "id": "7bb8ef70-4865-47be-be4c-339e89b4b86d",
    "data": [
      {
        "text": "wie wird das ",
        "userDefined": false
      },
      {
        "text": "Wetter",
        "meta": "@sys.ignore",
        "userDefined": false
      },
      {
        "text": " am ",
        "userDefined": false
      },
      {
        "text": "Montag",
        "alias": "date-time",
        "meta": "@sys.date-time",
        "userDefined": false
      }
    ],
    "isTemplate": false,
    "count": 0,
    "updated": 0
  },
  {
    "id": "bbd603d8-9d82-4c4a-bb19-4d334bdeecdb",
    "data": [
      {
        "text": "wie wird das ",
        "userDefined": false
      },
      {
        "text": "Wetter",
        "meta": "@sys.ignore",
        "userDefined": false
      },
      {
        "text": " ",
        "userDefined": false
      },
      {
        "text": "heute Abend",
        "alias": "date-time",
        "meta": "@sys.date-time",
        "userDefined": false
      }
    ],
    "isTemplate": false,
    "count": 0,
    "updated": 0
  },
  {
    "id": "5ca6e47c-8d02-40f7-a0e7-b991a5aadbc4",
    "data": [
      {
        "text": "zeig mir das ",
        "userDefined": false
      },
      {
        "text": "Wetter",
        "meta": "@sys.ignore",
        "userDefined": false
      }
    ],
    "isTemplate": false,
    "count": 0,
    "updated": 0
  },
  {
    "id": "b13847a4-7a00-4662-845f-acda975f609d",
    "data": [
      {
        "text": "Wetter",
        "meta": "@sys.ignore",
        "userDefined": false
      },
      {
        "text": " bitte",
        "userDefined": false
      }
    ],
    "isTemplate": false,
    "count": 0,
    "updated": 0
  },
  {
    "id": "674a9a7b-a346-4993-ab8d-6c25aa7131fa",
    "data": [
      {
        "text": "sag mir bitte das ",
        "userDefined": false
      },
      {
        "text": "Wetter",
        "meta": "@sys.ignore",
        "userDefined": false
      }
    ],
    "isTemplate": false,
    "count": 0,
    "updated": 0
  },
  {
    "id": "b54fc987-3066-40cb-8cf4-e94402fbdf56",
    "data": [
      {
        "text": "sag mir das ",
        "userDefined": false
      },
      {
        "text": "Wetter",
        "meta": "@sys.ignore",
        "userDefined": false
      },
      {
        "text": " für ",
        "userDefined": false
      },
      {
        "text": "morgen",
        "alias": "date-time",
        "meta": "@sys.date-time",
        "userDefined": false
      }
    ],
    "isTemplate": false,
    "count": 0,
    "updated": 0
  },
  {
    "id": "573902dd-6445-4437-a358-4376fa0060ba",
    "data": [
      {
        "text": "sag mir wie",
        "meta": "@sys.ignore",
        "userDefined": false
      },
      {
        "text": " das ",
        "userDefined": false
      },
      {
        "text": "Wetter",
        "meta": "@sys.ignore",
        "userDefined": false
      },
      {
        "text": " ist",
        "userDefined": false
      }
    ],
    "isTemplate": false,
    "count": 0,
    "updated": 0
  },
  {
    "id": "8faf13dd-e208-463f-af1e-1e6cc7e2b0e1",
    "data": [
      {
        "text": "was für ",
        "userDefined": false
      },
      {
        "text": "Wetter",
        "meta": "@sys.ignore",
        "userDefined": false
      },
      {
        "text": " haben wir ",
        "userDefined": false
      },
      {
        "text": "morgen",
        "alias": "date-time",
        "meta": "@sys.date-time",
        "userDefined": false
      }
    ],
    "isTemplate": false,
    "count": 0,
    "updated": 0
  },
  {
    "id": "c35355fa-a099-4579-b94d-03987c167147",
    "data": [
      {
        "text": "wie ist die ",
        "userDefined": false
      },
      {
        "text": "Wetter",
        "meta": "@sys.ignore",
        "userDefined": false
      },
      {
        "text": " ",
        "userDefined": false
      },
      {
        "text": "heute",
        "alias": "date-time",
        "meta": "@sys.date-time",
        "userDefined": false
      }
    ],
    "isTemplate": false,
    "count": 0,
    "updated": 0
  },
  {
    "id": "2fa8bd6d-ddd9-4079-bf13-d299106651c0",
    "data": [
      {
        "text": "wie sieht das ",
        "userDefined": false
      },
      {
        "text": "Wetter",
        "meta": "@sys.ignore",
        "userDefined": false
      },
      {
        "text": " aus",
        "userDefined": false
      }
    ],
    "isTemplate": false,
    "count": 0,
    "updated": 0
  },
  {
    "id": "91c2c9a2-ae86-44fa-ba24-232978654e76",
    "data": [
      {
        "text": "sag mir das ",
        "userDefined": false
      },
      {
        "text": "Wetter",
        "meta": "@sys.ignore",
        "userDefined": false
      },
      {
        "text": " für ",
        "userDefined": false
      },
      {
        "text": "heute",
        "alias": "date-time",
        "meta": "@sys.date-time",
        "userDefined": false
      }
    ],
    "isTemplate": false,
    "count": 0,
    "updated": 0
  },
  {
    "id": "627ef08d-8bdc-4e38-b110-dee8d4797987",
    "data": [
      {
        "text": "sag mir wie",
        "meta": "@sys.ignore",
        "userDefined": false
      },
      {
        "text": " das ",
        "userDefined": false
      },
      {
        "text": "Wetter",
        "meta": "@sys.ignore",
        "userDefined": false
      },
      {
        "text": " ",
        "userDefined": false
      },
      {
        "text": "heute",
        "alias": "date-time",
        "meta": "@sys.date-time",
        "userDefined": false
      },
      {
        "text": " wird",
        "userDefined": false
      }
    ],
    "isTemplate": false,
    "count": 0,
    "updated": 0
  },
  {
    "id": "afeb62c9-37be-4778-976f-d63de1ea9116",
    "data": [
      {
        "text": "was für ",
        "userDefined": false
      },
      {
        "text": "Wetter",
        "meta": "@sys.ignore",
        "userDefined": false
      },
      {
        "text": " ist ",
        "userDefined": false
      },
      {
        "text": "morgen",
        "alias": "date-time",
        "meta": "@sys.date-time",
        "userDefined": false
      }
    ],
    "isTemplate": false,
    "count": 0,
    "updated": 0
  },
  {
    "id": "8775cf90-ff99-4c58-b5fa-a21d001fb061",
    "data": [
      {
        "text": "weißt ",
        "userDefined": false
      },
      {
        "text": "du",
        "meta": "@sys.ignore",
        "userDefined": false
      },
      {
        "text": " wie das ",
        "userDefined": false
      },
      {
        "text": "Wetter",
        "meta": "@sys.ignore",
        "userDefined": false
      },
      {
        "text": " ",
        "userDefined": false
      },
      {
        "text": "morgen",
        "alias": "date-time",
        "meta": "@sys.date-time",
        "userDefined": false
      },
      {
        "text": " wird",
        "userDefined": false
      }
    ],
    "isTemplate": false,
    "count": 0,
    "updated": 0
  },
  {
    "id": "40911f98-54fb-4674-a179-b10e207e9a02",
    "data": [
      {
        "text": "wetter",
        "meta": "@sys.ignore",
        "userDefined": false
      },
      {
        "text": " in ",
        "userDefined": false
      },
      {
        "text": "Hamburg",
        "alias": "address",
        "meta": "@sys.location",
        "userDefined": false
      }
    ],
    "isTemplate": false,
    "count": 0,
    "updated": 0
  },
  {
    "id": "ba887f11-eaf2-48d1-aef1-96dbd15f2029",
    "data": [
      {
        "text": "was ",
        "userDefined": false
      },
      {
        "text": "für ein",
        "meta": "@sys.ignore",
        "userDefined": false
      },
      {
        "text": " ",
        "userDefined": false
      },
      {
        "text": "Wetter",
        "meta": "@sys.ignore",
        "userDefined": false
      },
      {
        "text": " wird ",
        "userDefined": false
      },
      {
        "text": "morgen",
        "alias": "date-time",
        "meta": "@sys.date-time",
        "userDefined": true
      }
    ],
    "isTemplate": false,
    "count": 0,
    "updated": 0
  },
  {
    "id": "8a37b502-4725-4d7e-83fe-9ac13d9ed61b",
    "data": [
      {
        "text": "wie wird das ",
        "userDefined": false
      },
      {
        "text": "Wetter",
        "meta": "@sys.ignore",
        "userDefined": false
      },
      {
        "text": " ",
        "userDefined": false
      },
      {
        "text": "heute",
        "alias": "date-time",
        "meta": "@sys.date-time",
        "userDefined": false
      },
      {
        "text": " in ",
        "userDefined": false
      },
      {
        "text": "Köln",
        "alias": "address",
        "meta": "@sys.location",
        "userDefined": false
      }
    ],
    "isTemplate": false,
    "count": 0,
    "updated": 0
  },
  {
    "id": "f324a755-57db-45f8-b9e9-33944ae0a0ea",
    "data": [
      {
        "text": "Wettervorhersage ",
        "userDefined": false
      },
      {
        "text": "Sonntag",
        "alias": "date-time",
        "meta": "@sys.date-time",
        "userDefined": false
      }
    ],
    "isTemplate": false,
    "count": 0,
    "updated": 0
  },
  {
    "id": "09110438-1bd0-4fa1-9d31-417da7f305df",
    "data": [
      {
        "text": "Wettervorhersage für ",
        "userDefined": false
      },
      {
        "text": "Dienstag",
        "alias": "date-time",
        "meta": "@sys.date-time",
        "userDefined": false
      },
      {
        "text": " in ",
        "userDefined": false
      },
      {
        "text": "Hamburg",
        "alias": "address",
        "meta": "@sys.location",
        "userDefined": false
      }
    ],
    "isTemplate": false,
    "count": 0,
    "updated": 0
  },
  {
    "id": "470e04cb-3cb9-465e-9abf-2f8e89ef85e3",
    "data": [
      {
        "text": "Wettervorhersage für die ",
        "userDefined": false
      },
      {
        "text": "nächste Woche",
        "alias": "date-time",
        "meta": "@sys.date-time",
        "userDefined": false
      },
      {
        "text": " in ",
        "userDefined": false
      },
      {
        "text": "Berlin",
        "alias": "address",
        "meta": "@sys.location",
        "userDefined": false
      }
    ],
    "isTemplate": false,
    "count": 0,
    "updated": 0
  },
  {
    "id": "37079a37-5146-40d3-b82d-6f06eccb91c6",
    "data": [
      {
        "text": "Wettervorhersage für ",
        "userDefined": false
      },
      {
        "text": "heute",
        "alias": "date-time",
        "meta": "@sys.date-time",
        "userDefined": false
      },
      {
        "text": " in ",
        "userDefined": false
      },
      {
        "text": "München",
        "alias": "address",
        "meta": "@sys.location",
        "userDefined": false
      }
    ],
    "isTemplate": false,
    "count": 0,
    "updated": 0
  },
  {
    "id": "0179eb72-11a2-41f8-9f4c-f1f6700e421c",
    "data": [
      {
        "text": "Wettervorhersage ",
        "userDefined": false
      },
      {
        "text": "nächste Woche",
        "alias": "date-time",
        "meta": "@sys.date-time",
        "userDefined": false
      },
      {
        "text": " ",
        "userDefined": false
      },
      {
        "text": "Steiermark Wenigzell",
        "alias": "address",
        "meta": "@sys.location",
        "userDefined": true
      }
    ],
    "isTemplate": false,
    "count": 0,
    "updated": 0
  },
  {
    "id": "6fe212d1-f9a7-4d8a-b04d-b5a2bba51482",
    "data": [
      {
        "text": "wie ist das ",
        "userDefined": false
      },
      {
        "text": "Wetter",
        "meta": "@sys.ignore",
        "userDefined": false
      },
      {
        "text": " am ",
        "userDefined": false
      },
      {
        "text": "Sonntag",
        "alias": "date-time",
        "meta": "@sys.date-time",
        "userDefined": false
      }
    ],
    "isTemplate": false,
    "count": 0,
    "updated": 0
  },
  {
    "id": "3e70bbfe-70ab-431e-b031-5fbfb49f3eeb",
    "data": [
      {
        "text": "wie ist das ",
        "userDefined": false
      },
      {
        "text": "Wetter",
        "meta": "@sys.ignore",
        "userDefined": false
      },
      {
        "text": " ",
        "userDefined": false
      },
      {
        "text": "morgen",
        "alias": "date-time",
        "meta": "@sys.date-time",
        "userDefined": false
      },
      {
        "text": " in ",
        "userDefined": false
      },
      {
        "text": "Lübeck",
        "alias": "address",
        "meta": "@sys.location",
        "userDefined": false
      }
    ],
    "isTemplate": false,
    "count": 0,
    "updated": 0
  },
  {
    "id": "0fe7582e-e830-4a9e-bfa4-43e6fe35f465",
    "data": [
      {
        "text": "wie wird das ",
        "userDefined": false
      },
      {
        "text": "Wetter",
        "meta": "@sys.ignore",
        "userDefined": false
      },
      {
        "text": " in ",
        "userDefined": false
      },
      {
        "text": "linz",
        "alias": "address",
        "meta": "@sys.location",
        "userDefined": false
      }
    ],
    "isTemplate": false,
    "count": 0,
    "updated": 0
  },
  {
    "id": "8dd2a454-9a72-481e-ade8-024c20302900",
    "data": [
      {
        "text": "das ",
        "userDefined": false
      },
      {
        "text": "aktuelle",
        "meta": "@sys.ignore",
        "userDefined": false
      },
      {
        "text": " ",
        "userDefined": false
      },
      {
        "text": "Wetter",
        "meta": "@sys.ignore",
        "userDefined": false
      },
      {
        "text": " ",
        "userDefined": false
      },
      {
        "text": "Sonntag",
        "alias": "date-time",
        "meta": "@sys.date-time",
        "userDefined": false
      },
      {
        "text": " in ",
        "userDefined": false
      },
      {
        "text": "Bad Harzburg",
        "alias": "address",
        "meta": "@sys.location",
        "userDefined": false
      }
    ],
    "isTemplate": false,
    "count": 0,
    "updated": 0
  },
  {
    "id": "35538c7f-ea54-456d-a578-6960ff72e8e9",
    "data": [
      {
        "text": "das ",
        "userDefined": false
      },
      {
        "text": "aktuelle",
        "meta": "@sys.ignore",
        "userDefined": false
      },
      {
        "text": " ",
        "userDefined": false
      },
      {
        "text": "Wetter",
        "meta": "@sys.ignore",
        "userDefined": false
      },
      {
        "text": " in ",
        "userDefined": false
      },
      {
        "text": "Berlin",
        "alias": "address",
        "meta": "@sys.location",
        "userDefined": false
      }
    ],
    "isTemplate": false,
    "count": 0,
    "updated": 0
  },
  {
    "id": "069f2de7-297a-4e4b-9cf2-0759f533115c",
    "data": [
      {
        "text": "die Wettervorhersage für ",
        "userDefined": false
      },
      {
        "text": "übermorgen",
        "alias": "date-time",
        "meta": "@sys.date-time",
        "userDefined": false
      }
    ],
    "isTemplate": false,
    "count": 0,
    "updated": 0
  },
  {
    "id": "eceb1759-c7b9-40a8-a515-dbdc442145b5",
    "data": [
      {
        "text": "die Wettervorhersage von ",
        "userDefined": false
      },
      {
        "text": "meinem Standort",
        "alias": "address",
        "meta": "@sys.location",
        "userDefined": true
      }
    ],
    "isTemplate": false,
    "count": 0,
    "updated": 0
  },
  {
    "id": "5ecad12b-286f-4deb-a765-8fd3dc17ddce",
    "data": [
      {
        "text": "du",
        "meta": "@sys.ignore",
        "userDefined": false
      },
      {
        "text": " kannst mir sagen wie das ",
        "userDefined": false
      },
      {
        "text": "Wetter",
        "meta": "@sys.ignore",
        "userDefined": false
      },
      {
        "text": " ",
        "userDefined": false
      },
      {
        "text": "heute",
        "alias": "date-time",
        "meta": "@sys.date-time",
        "userDefined": false
      },
      {
        "text": " ist",
        "userDefined": false
      }
    ],
    "isTemplate": false,
    "count": 0,
    "updated": 0
  },
  {
    "id": "5f4e5762-8d19-407b-b5ad-a1e3eaf532b4",
    "data": [
      {
        "text": "du",
        "meta": "@sys.ignore",
        "userDefined": false
      },
      {
        "text": " kannst mir sagen wie das ",
        "userDefined": false
      },
      {
        "text": "Wetter",
        "meta": "@sys.ignore",
        "userDefined": false
      },
      {
        "text": " ",
        "userDefined": false
      },
      {
        "text": "morgen",
        "alias": "date-time",
        "meta": "@sys.date-time",
        "userDefined": false
      },
      {
        "text": " ",
        "userDefined": false
      },
      {
        "text": "Hamburg",
        "alias": "address",
        "meta": "@sys.location",
        "userDefined": false
      },
      {
        "text": " wird",
        "userDefined": false
      }
    ],
    "isTemplate": false,
    "count": 0,
    "updated": 0
  },
  {
    "id": "7f161c68-43f4-4ca9-99cf-6ac8b3aa068c",
    "data": [
      {
        "text": "du",
        "meta": "@sys.ignore",
        "userDefined": false
      },
      {
        "text": " kannst mir sagen wie das ",
        "userDefined": false
      },
      {
        "text": "Wetter",
        "meta": "@sys.ignore",
        "userDefined": false
      },
      {
        "text": " ",
        "userDefined": false
      },
      {
        "text": "morgen",
        "alias": "date-time",
        "meta": "@sys.date-time",
        "userDefined": false
      },
      {
        "text": " wird",
        "userDefined": false
      }
    ],
    "isTemplate": false,
    "count": 1,
    "updated": 0
  },
  {
    "id": "140b5baf-ab34-434b-828b-bed34e8d7715",
    "data": [
      {
        "text": "finde ",
        "userDefined": false
      },
      {
        "text": "Wetter",
        "meta": "@sys.ignore",
        "userDefined": false
      },
      {
        "text": " in ",
        "userDefined": false
      },
      {
        "text": "Kirgistan",
        "alias": "address",
        "meta": "@sys.location",
        "userDefined": true
      }
    ],
    "isTemplate": false,
    "count": 0,
    "updated": 0
  },
  {
    "id": "bf7ca677-8646-4085-bbe2-d7ccadfd2721",
    "data": [
      {
        "text": "gib mir das ",
        "userDefined": false
      },
      {
        "text": "Wetter",
        "meta": "@sys.ignore",
        "userDefined": false
      },
      {
        "text": " für ",
        "userDefined": false
      },
      {
        "text": "heute",
        "alias": "date-time",
        "meta": "@sys.date-time",
        "userDefined": false
      }
    ],
    "isTemplate": false,
    "count": 0,
    "updated": 0
  },
  {
    "id": "7f4b42b8-c3be-4f6b-8b69-4e534ca6cbc4",
    "data": [
      {
        "text": "gib mir das ",
        "userDefined": false
      },
      {
        "text": "Wetter",
        "meta": "@sys.ignore",
        "userDefined": false
      },
      {
        "text": " für ",
        "userDefined": false
      },
      {
        "text": "meine Ort",
        "alias": "address",
        "meta": "@sys.location",
        "userDefined": false
      }
    ],
    "isTemplate": false,
    "count": 0,
    "updated": 0
  },
  {
    "id": "f18fd76c-747a-4dc4-9201-36c0a52a2d4c",
    "data": [
      {
        "text": "guck mal im ",
        "userDefined": false
      },
      {
        "text": "Internet",
        "meta": "@sys.ignore",
        "userDefined": false
      },
      {
        "text": " welche ",
        "userDefined": false
      },
      {
        "text": "Wetter",
        "meta": "@sys.ignore",
        "userDefined": false
      },
      {
        "text": " haben wir ",
        "userDefined": false
      },
      {
        "text": "morgen",
        "alias": "date-time",
        "meta": "@sys.date-time",
        "userDefined": false
      }
    ],
    "isTemplate": false,
    "count": 0,
    "updated": 0
  },
  {
    "id": "3fe94869-75da-4298-b369-91c01d91d845",
    "data": [
      {
        "text": "haben wir ",
        "userDefined": false
      },
      {
        "text": "heute",
        "alias": "date-time",
        "meta": "@sys.date-time",
        "userDefined": false
      },
      {
        "text": " ",
        "userDefined": false
      },
      {
        "text": "gutes",
        "meta": "@sys.ignore",
        "userDefined": false
      },
      {
        "text": " ",
        "userDefined": false
      },
      {
        "text": "Wetter",
        "meta": "@sys.ignore",
        "userDefined": false
      }
    ],
    "isTemplate": false,
    "count": 0,
    "updated": 0
  },
  {
    "id": "1e4c9209-73db-494b-a175-7f9db841be1f",
    "data": [
      {
        "text": "ich",
        "meta": "@sys.ignore",
        "userDefined": false
      },
      {
        "text": " bin in ",
        "userDefined": false
      },
      {
        "text": "Mieders",
        "alias": "address",
        "meta": "@sys.location",
        "userDefined": true
      },
      {
        "text": " wie ist das ",
        "userDefined": false
      },
      {
        "text": "Wetter",
        "meta": "@sys.ignore",
        "userDefined": false
      }
    ],
    "isTemplate": false,
    "count": 0,
    "updated": 0
  },
  {
    "id": "6dcbff0f-5fae-4b67-a5ff-4f056902a162",
    "data": [
      {
        "text": "ich",
        "meta": "@sys.ignore",
        "userDefined": false
      },
      {
        "text": " brauche das ",
        "userDefined": false
      },
      {
        "text": "Wetter",
        "meta": "@sys.ignore",
        "userDefined": false
      },
      {
        "text": " für ",
        "userDefined": false
      },
      {
        "text": "Ludwigsburg",
        "alias": "address",
        "meta": "@sys.location",
        "userDefined": false
      }
    ],
    "isTemplate": false,
    "count": 0,
    "updated": 0
  },
  {
    "id": "1a82fbbf-d40a-45c1-951f-b0116fb8b568",
    "data": [
      {
        "text": "ich",
        "meta": "@sys.ignore",
        "userDefined": false
      },
      {
        "text": " brauche das ",
        "userDefined": false
      },
      {
        "text": "Wetter",
        "meta": "@sys.ignore",
        "userDefined": false
      },
      {
        "text": " in ",
        "userDefined": false
      },
      {
        "text": "Berlin",
        "alias": "address",
        "meta": "@sys.location",
        "userDefined": false
      }
    ],
    "isTemplate": false,
    "count": 0,
    "updated": 0
  },
  {
    "id": "aba4d8e6-5dd2-41a4-8bea-6a599aed0114",
    "data": [
      {
        "text": "ich",
        "meta": "@sys.ignore",
        "userDefined": false
      },
      {
        "text": " möchte jetzt gerne ",
        "userDefined": false
      },
      {
        "text": "wissen",
        "meta": "@sys.ignore",
        "userDefined": false
      },
      {
        "text": " wie das ",
        "userDefined": false
      },
      {
        "text": "Wetter",
        "meta": "@sys.ignore",
        "userDefined": false
      },
      {
        "text": " in ",
        "userDefined": false
      },
      {
        "text": "Budapest",
        "alias": "address",
        "meta": "@sys.location",
        "userDefined": true
      }
    ],
    "isTemplate": false,
    "count": 0,
    "updated": 0
  },
  {
    "id": "1df9557a-8d31-4c53-8b8c-4cb04927f497",
    "data": [
      {
        "text": "ich",
        "meta": "@sys.ignore",
        "userDefined": false
      },
      {
        "text": " möchte ",
        "userDefined": false
      },
      {
        "text": "wissen",
        "meta": "@sys.ignore",
        "userDefined": false
      },
      {
        "text": " wie ",
        "userDefined": false
      },
      {
        "text": "morgen",
        "alias": "date-time",
        "meta": "@sys.date-time",
        "userDefined": false
      },
      {
        "text": " das ",
        "userDefined": false
      },
      {
        "text": "Wetter",
        "meta": "@sys.ignore",
        "userDefined": false
      },
      {
        "text": " in ",
        "userDefined": false
      },
      {
        "text": "Bergen",
        "alias": "address",
        "meta": "@sys.location",
        "userDefined": true
      },
      {
        "text": " ist",
        "userDefined": false
      }
    ],
    "isTemplate": false,
    "count": 0,
    "updated": 0
  },
  {
    "id": "83ee8449-120c-473f-a968-95752691d3d4",
    "data": [
      {
        "text": "ich",
        "meta": "@sys.ignore",
        "userDefined": false
      },
      {
        "text": " suche das ",
        "userDefined": false
      },
      {
        "text": "Wetter",
        "meta": "@sys.ignore",
        "userDefined": false
      },
      {
        "text": " für ",
        "userDefined": false
      },
      {
        "text": "Hamburg Bahrenfeld",
        "alias": "address",
        "meta": "@sys.location",
        "userDefined": false
      }
    ],
    "isTemplate": false,
    "count": 0,
    "updated": 0
  },
  {
    "id": "0bfff6a8-6546-428e-aba9-dc8130021c38",
    "data": [
      {
        "text": "ich",
        "meta": "@sys.ignore",
        "userDefined": false
      },
      {
        "text": " will ",
        "userDefined": false
      },
      {
        "text": "wissen",
        "meta": "@sys.ignore",
        "userDefined": false
      },
      {
        "text": " wie ",
        "userDefined": false
      },
      {
        "text": "morgen",
        "alias": "date-time",
        "meta": "@sys.date-time",
        "userDefined": false
      },
      {
        "text": " das ",
        "userDefined": false
      },
      {
        "text": "Wetter",
        "meta": "@sys.ignore",
        "userDefined": false
      },
      {
        "text": " wird",
        "userDefined": false
      }
    ],
    "isTemplate": false,
    "count": 0,
    "updated": 0
  },
  {
    "id": "d4039fa2-4b89-42d4-aeeb-46e497358d7b",
    "data": [
      {
        "text": "ist ",
        "userDefined": false
      },
      {
        "text": "heute",
        "alias": "date-time",
        "meta": "@sys.date-time",
        "userDefined": false
      },
      {
        "text": " ein ",
        "userDefined": false
      },
      {
        "text": "gutes",
        "meta": "@sys.ignore",
        "userDefined": false
      },
      {
        "text": " ",
        "userDefined": false
      },
      {
        "text": "Wetter",
        "meta": "@sys.ignore",
        "userDefined": false
      }
    ],
    "isTemplate": false,
    "count": 0,
    "updated": 0
  },
  {
    "id": "0e5de2fd-1b49-443d-872d-2b5d27e89983",
    "data": [
      {
        "text": "ist ",
        "userDefined": false
      },
      {
        "text": "heute",
        "alias": "date-time",
        "meta": "@sys.date-time",
        "userDefined": false
      },
      {
        "text": " ein schönes ",
        "userDefined": false
      },
      {
        "text": "Wetter",
        "meta": "@sys.ignore",
        "userDefined": false
      }
    ],
    "isTemplate": false,
    "count": 0,
    "updated": 0
  },
  {
    "id": "0414d28b-7861-4117-bf60-d3f7555335ea",
    "data": [
      {
        "text": "ist ",
        "userDefined": false
      },
      {
        "text": "morgen",
        "alias": "date-time",
        "meta": "@sys.date-time",
        "userDefined": false
      },
      {
        "text": " ",
        "userDefined": false
      },
      {
        "text": "gutes",
        "meta": "@sys.ignore",
        "userDefined": false
      },
      {
        "text": " ",
        "userDefined": false
      },
      {
        "text": "Wetter",
        "meta": "@sys.ignore",
        "userDefined": false
      }
    ],
    "isTemplate": false,
    "count": 0,
    "updated": 0
  },
  {
    "id": "d86fa154-8fdf-4bd6-ba45-1400baf3e5f0",
    "data": [
      {
        "text": "ist ",
        "userDefined": false
      },
      {
        "text": "morgen",
        "alias": "date-time",
        "meta": "@sys.date-time",
        "userDefined": false
      },
      {
        "text": " schönes ",
        "userDefined": false
      },
      {
        "text": "Wetter",
        "meta": "@sys.ignore",
        "userDefined": false
      }
    ],
    "isTemplate": false,
    "count": 0,
    "updated": 0
  },
  {
    "id": "aada1261-62bf-48c6-97aa-10f3030e69f4",
    "data": [
      {
        "text": "kannst ",
        "userDefined": false
      },
      {
        "text": "du",
        "meta": "@sys.ignore",
        "userDefined": false
      },
      {
        "text": " das ",
        "userDefined": false
      },
      {
        "text": "Wetter",
        "meta": "@sys.ignore",
        "userDefined": false
      },
      {
        "text": " ",
        "userDefined": false
      },
      {
        "text": "morgen",
        "alias": "date-time",
        "meta": "@sys.date-time",
        "userDefined": false
      }
    ],
    "isTemplate": false,
    "count": 0,
    "updated": 0
  },
  {
    "id": "7b10e7f0-4011-46ea-8f92-99484590b1d6",
    "data": [
      {
        "text": "kannst ",
        "userDefined": false
      },
      {
        "text": "du",
        "meta": "@sys.ignore",
        "userDefined": false
      },
      {
        "text": " mal das ",
        "userDefined": false
      },
      {
        "text": "Wetter",
        "meta": "@sys.ignore",
        "userDefined": false
      },
      {
        "text": " für ",
        "userDefined": false
      },
      {
        "text": "morgen",
        "alias": "date-time",
        "meta": "@sys.date-time",
        "userDefined": false
      },
      {
        "text": " sagen",
        "userDefined": false
      }
    ],
    "isTemplate": false,
    "count": 0,
    "updated": 0
  },
  {
    "id": "19b6e8c3-9188-48cb-9a97-6400b44a1e69",
    "data": [
      {
        "text": "kannst ",
        "userDefined": false
      },
      {
        "text": "du",
        "meta": "@sys.ignore",
        "userDefined": false
      },
      {
        "text": " mir bitte ",
        "userDefined": false
      },
      {
        "text": "Wetter",
        "meta": "@sys.ignore",
        "userDefined": false
      },
      {
        "text": " für ",
        "userDefined": false
      },
      {
        "text": "heute",
        "alias": "date-time",
        "meta": "@sys.date-time",
        "userDefined": false
      },
      {
        "text": " sagen",
        "userDefined": false
      }
    ],
    "isTemplate": false,
    "count": 0,
    "updated": 0
  },
  {
    "id": "4137fd92-cdd9-4fb8-80fd-d25ead829d1a",
    "data": [
      {
        "text": "kannst ",
        "userDefined": false
      },
      {
        "text": "du",
        "meta": "@sys.ignore",
        "userDefined": false
      },
      {
        "text": " mir bitte ",
        "userDefined": false
      },
      {
        "text": "Wetter",
        "meta": "@sys.ignore",
        "userDefined": false
      },
      {
        "text": " in ",
        "userDefined": false
      },
      {
        "text": "Köln",
        "alias": "address",
        "meta": "@sys.location",
        "userDefined": false
      },
      {
        "text": " berechnen",
        "userDefined": false
      }
    ],
    "isTemplate": false,
    "count": 0,
    "updated": 0
  },
  {
    "id": "15f2bf04-5170-4a3f-802d-4e25f50e4bdc",
    "data": [
      {
        "text": "kannst ",
        "userDefined": false
      },
      {
        "text": "du",
        "meta": "@sys.ignore",
        "userDefined": false
      },
      {
        "text": " mir bitte ",
        "userDefined": false
      },
      {
        "text": "Wetter",
        "meta": "@sys.ignore",
        "userDefined": false
      },
      {
        "text": " für ",
        "userDefined": false
      },
      {
        "text": "morgen",
        "alias": "date-time",
        "meta": "@sys.date-time",
        "userDefined": false
      },
      {
        "text": " sagen",
        "userDefined": false
      }
    ],
    "isTemplate": false,
    "count": 0,
    "updated": 0
  },
  {
    "id": "6c71a2de-3937-47fc-bcdf-48bf2a837c81",
    "data": [
      {
        "text": "kannst ",
        "userDefined": false
      },
      {
        "text": "du",
        "meta": "@sys.ignore",
        "userDefined": false
      },
      {
        "text": " mir bitte das ",
        "userDefined": false
      },
      {
        "text": "Wetter",
        "meta": "@sys.ignore",
        "userDefined": false
      },
      {
        "text": " für ",
        "userDefined": false
      },
      {
        "text": "morgen",
        "alias": "date-time",
        "meta": "@sys.date-time",
        "userDefined": false
      }
    ],
    "isTemplate": false,
    "count": 0,
    "updated": 0
  },
  {
    "id": "7a1607b0-ea02-4bdf-8ab5-e7f1eb7a06c6",
    "data": [
      {
        "text": "kannst ",
        "userDefined": false
      },
      {
        "text": "du",
        "meta": "@sys.ignore",
        "userDefined": false
      },
      {
        "text": " mir bitte das ",
        "userDefined": false
      },
      {
        "text": "Wetter",
        "meta": "@sys.ignore",
        "userDefined": false
      },
      {
        "text": " für ",
        "userDefined": false
      },
      {
        "text": "morgen",
        "alias": "date-time",
        "meta": "@sys.date-time",
        "userDefined": false
      },
      {
        "text": " sagen",
        "userDefined": false
      }
    ],
    "isTemplate": false,
    "count": 0,
    "updated": 0
  },
  {
    "id": "7ed88772-e59e-4338-a5d8-cb31d585992a",
    "data": [
      {
        "text": "kannst ",
        "userDefined": false
      },
      {
        "text": "du",
        "meta": "@sys.ignore",
        "userDefined": false
      },
      {
        "text": " mir bitte sagen ",
        "userDefined": false
      },
      {
        "text": "Wetter",
        "meta": "@sys.ignore",
        "userDefined": false
      },
      {
        "text": " für ",
        "userDefined": false
      },
      {
        "text": "heute",
        "alias": "date-time",
        "meta": "@sys.date-time",
        "userDefined": false
      }
    ],
    "isTemplate": false,
    "count": 0,
    "updated": 0
  },
  {
    "id": "7c8b1bc0-f3a3-4886-bffc-1352ee79c7cf",
    "data": [
      {
        "text": "kannst ",
        "userDefined": false
      },
      {
        "text": "du",
        "meta": "@sys.ignore",
        "userDefined": false
      },
      {
        "text": " mir das ",
        "userDefined": false
      },
      {
        "text": "Wetter",
        "meta": "@sys.ignore",
        "userDefined": false
      },
      {
        "text": " für ",
        "userDefined": false
      },
      {
        "text": "heute",
        "alias": "date-time",
        "meta": "@sys.date-time",
        "userDefined": false
      },
      {
        "text": " zeigen",
        "userDefined": false
      }
    ],
    "isTemplate": false,
    "count": 0,
    "updated": 0
  },
  {
    "id": "37d3193e-d062-4a83-986b-940bc88f813c",
    "data": [
      {
        "text": "kannst ",
        "userDefined": false
      },
      {
        "text": "du",
        "meta": "@sys.ignore",
        "userDefined": false
      },
      {
        "text": " mir das ",
        "userDefined": false
      },
      {
        "text": "Wetter",
        "meta": "@sys.ignore",
        "userDefined": false
      },
      {
        "text": " für ",
        "userDefined": false
      },
      {
        "text": "übermorgen",
        "alias": "date-time",
        "meta": "@sys.date-time",
        "userDefined": false
      },
      {
        "text": " sagen",
        "userDefined": false
      }
    ],
    "isTemplate": false,
    "count": 0,
    "updated": 0
  },
  {
    "id": "a7d2c4ba-528e-4550-9b36-1b984a28bcab",
    "data": [
      {
        "text": "kannst ",
        "userDefined": false
      },
      {
        "text": "du",
        "meta": "@sys.ignore",
        "userDefined": false
      },
      {
        "text": " mir mal bitte sagen wie das ",
        "userDefined": false
      },
      {
        "text": "Wetter",
        "meta": "@sys.ignore",
        "userDefined": false
      },
      {
        "text": " ",
        "userDefined": false
      },
      {
        "text": "morgen",
        "alias": "date-time",
        "meta": "@sys.date-time",
        "userDefined": false
      },
      {
        "text": " wird",
        "userDefined": false
      }
    ],
    "isTemplate": false,
    "count": 0,
    "updated": 0
  },
  {
    "id": "76e0657e-16b2-4f88-94fa-1a8d0b5f76b6",
    "data": [
      {
        "text": "wie wird das ",
        "userDefined": false
      },
      {
        "text": "Wetter",
        "meta": "@sys.ignore",
        "userDefined": false
      },
      {
        "text": " ",
        "userDefined": false
      },
      {
        "text": "diese Woche",
        "alias": "date-time",
        "meta": "@sys.date-time",
        "userDefined": false
      },
      {
        "text": " in ",
        "userDefined": false
      },
      {
        "text": "Nettetal",
        "alias": "address",
        "meta": "@sys.location",
        "userDefined": false
      }
    ],
    "isTemplate": false,
    "count": 0,
    "updated": 0
  },
  {
    "id": "c57ce7b5-0f43-4e0e-b443-1ff8831d983e",
    "data": [
      {
        "text": "wie wird das ",
        "userDefined": false
      },
      {
        "text": "Wetter",
        "meta": "@sys.ignore",
        "userDefined": false
      },
      {
        "text": " ",
        "userDefined": false
      },
      {
        "text": "heute",
        "alias": "date-time",
        "meta": "@sys.date-time",
        "userDefined": false
      },
      {
        "text": " in ",
        "userDefined": false
      },
      {
        "text": "Nettetal",
        "alias": "address",
        "meta": "@sys.location",
        "userDefined": false
      }
    ],
    "isTemplate": false,
    "count": 0,
    "updated": 0
  },
  {
    "id": "cb25f62d-898d-4622-9d8d-ded69a5aae50",
    "data": [
      {
        "text": "wie ist das ",
        "userDefined": false
      },
      {
        "text": "Wetter",
        "meta": "@sys.ignore",
        "userDefined": false
      },
      {
        "text": " in ",
        "userDefined": false
      },
      {
        "text": "Suhl",
        "alias": "address",
        "meta": "@sys.location",
        "userDefined": false
      }
    ],
    "isTemplate": false,
    "count": 0,
    "updated": 0
  },
  {
    "id": "12f9ad6c-3b43-4553-b41b-91daf8ae6c90",
    "data": [
      {
        "text": "wie wird das ",
        "userDefined": false
      },
      {
        "text": "Wetter",
        "meta": "@sys.ignore",
        "userDefined": false
      },
      {
        "text": " ",
        "userDefined": false
      },
      {
        "text": "heute",
        "alias": "date-time",
        "meta": "@sys.date-time",
        "userDefined": false
      },
      {
        "text": " in ",
        "userDefined": false
      },
      {
        "text": "Steinfurt",
        "alias": "address",
        "meta": "@sys.location",
        "userDefined": false
      }
    ],
    "isTemplate": false,
    "count": 0,
    "updated": 0
  },
  {
    "id": "97102eca-25b2-4687-b0bb-a2482d4de265",
    "data": [
      {
        "text": "guten",
        "meta": "@sys.ignore",
        "userDefined": false
      },
      {
        "text": " ",
        "userDefined": false
      },
      {
        "text": "morgen",
        "meta": "@sys.ignore",
        "userDefined": false
      },
      {
        "text": " wie wird das ",
        "userDefined": false
      },
      {
        "text": "Wetter",
        "meta": "@sys.ignore",
        "userDefined": false
      },
      {
        "text": " ",
        "userDefined": false
      },
      {
        "text": "heute",
        "alias": "date-time",
        "meta": "@sys.date-time",
        "userDefined": false
      },
      {
        "text": " in ",
        "userDefined": false
      },
      {
        "text": "Steinfurt",
        "alias": "address",
        "meta": "@sys.location",
        "userDefined": false
      }
    ],
    "isTemplate": false,
    "count": 0,
    "updated": 0
  },
  {
    "id": "d28332b8-8933-44b8-928e-d49eea953773",
    "data": [
      {
        "text": "und wie soll das ",
        "userDefined": false
      },
      {
        "text": "Wetter",
        "meta": "@sys.ignore",
        "userDefined": false
      },
      {
        "text": " werden",
        "userDefined": false
      }
    ],
    "isTemplate": false,
    "count": 0,
    "updated": 0
  },
  {
    "id": "10de2b52-1eb3-4565-b099-a279869b8b09",
    "data": [
      {
        "text": "wie wird das ",
        "userDefined": false
      },
      {
        "text": "Wetter",
        "meta": "@sys.ignore",
        "userDefined": false
      },
      {
        "text": " in ",
        "userDefined": false
      },
      {
        "text": "Braunschweig",
        "alias": "address",
        "meta": "@sys.location",
        "userDefined": false
      }
    ],
    "isTemplate": false,
    "count": 0,
    "updated": 0
  },
  {
    "id": "42d45179-e259-4166-869b-f642ab958dcf",
    "data": [
      {
        "text": "aber wie wird das ",
        "userDefined": false
      },
      {
        "text": "Wetter",
        "meta": "@sys.ignore",
        "userDefined": false
      },
      {
        "text": " ",
        "userDefined": false
      },
      {
        "text": "heute",
        "alias": "date-time",
        "meta": "@sys.date-time",
        "userDefined": false
      },
      {
        "text": " in ",
        "userDefined": false
      },
      {
        "text": "Suhl",
        "alias": "address",
        "meta": "@sys.location",
        "userDefined": false
      }
    ],
    "isTemplate": false,
    "count": 0,
    "updated": 0
  },
  {
    "id": "d291e28d-7815-4630-bcbc-5d192ada4dcb",
    "data": [
      {
        "text": "wie ist das ",
        "userDefined": false
      },
      {
        "text": "Wetter",
        "meta": "@sys.ignore",
        "userDefined": false
      },
      {
        "text": " in ",
        "userDefined": false
      },
      {
        "text": "Chemnitz",
        "alias": "address",
        "meta": "@sys.location",
        "userDefined": false
      }
    ],
    "isTemplate": false,
    "count": 0,
    "updated": 0
  },
  {
    "id": "24696242-5a2d-403b-924d-73b23b91bae8",
    "data": [
      {
        "text": "alex",
        "meta": "@sys.ignore",
        "userDefined": false
      },
      {
        "text": " was ",
        "userDefined": false
      },
      {
        "text": "für ein",
        "meta": "@sys.ignore",
        "userDefined": false
      },
      {
        "text": " ",
        "userDefined": false
      },
      {
        "text": "Wetter",
        "meta": "@sys.ignore",
        "userDefined": false
      },
      {
        "text": " haben wir in ",
        "userDefined": false
      },
      {
        "text": "Chemnitz",
        "alias": "address",
        "meta": "@sys.location",
        "userDefined": false
      }
    ],
    "isTemplate": false,
    "count": 0,
    "updated": 0
  },
  {
    "id": "f8ae13f5-63a1-44cf-a68c-c62d21b9c9d0",
    "data": [
      {
        "text": "sag mir mal bitte noch wie das ",
        "userDefined": false
      },
      {
        "text": "Wetter",
        "meta": "@sys.ignore",
        "userDefined": false
      },
      {
        "text": " ",
        "userDefined": false
      },
      {
        "text": "heute",
        "alias": "date-time",
        "meta": "@sys.date-time",
        "userDefined": false
      },
      {
        "text": " in ",
        "userDefined": false
      },
      {
        "text": "Bochum",
        "alias": "address",
        "meta": "@sys.location",
        "userDefined": false
      },
      {
        "text": " wird",
        "userDefined": false
      }
    ],
    "isTemplate": false,
    "count": 0,
    "updated": 0
  },
  {
    "id": "ebe4ba37-ed20-45fb-b821-068fb463179e",
    "data": [
      {
        "text": "wie ist das ",
        "userDefined": false
      },
      {
        "text": "Wetter",
        "meta": "@sys.ignore",
        "userDefined": false
      },
      {
        "text": " ",
        "userDefined": false
      },
      {
        "text": "morgen",
        "alias": "date-time",
        "meta": "@sys.date-time",
        "userDefined": false
      },
      {
        "text": " in ",
        "userDefined": false
      },
      {
        "text": "Chemnitz",
        "alias": "address",
        "meta": "@sys.location",
        "userDefined": false
      }
    ],
    "isTemplate": false,
    "count": 0,
    "updated": 0
  },
  {
    "id": "7a1b2fda-bd5a-4676-b94f-425d0c16c784",
    "data": [
      {
        "text": "wie ist das ",
        "userDefined": false
      },
      {
        "text": "Wetter",
        "meta": "@sys.ignore",
        "userDefined": false
      },
      {
        "text": " ",
        "userDefined": false
      },
      {
        "text": "heute",
        "alias": "date-time",
        "meta": "@sys.date-time",
        "userDefined": false
      },
      {
        "text": " draußen",
        "userDefined": false
      }
    ],
    "isTemplate": false,
    "count": 0,
    "updated": 0
  },
  {
    "id": "9119d3f6-e37b-404f-ad49-7e497e36c79d",
    "data": [
      {
        "text": "wie wird das ",
        "userDefined": false
      },
      {
        "text": "Wetter",
        "meta": "@sys.ignore",
        "userDefined": false
      },
      {
        "text": " ",
        "userDefined": false
      },
      {
        "text": "heute",
        "alias": "date-time",
        "meta": "@sys.date-time",
        "userDefined": false
      },
      {
        "text": " in ",
        "userDefined": false
      },
      {
        "text": "Biesenthal Bayern",
        "alias": "address",
        "meta": "@sys.location",
        "userDefined": false
      }
    ],
    "isTemplate": false,
    "count": 0,
    "updated": 0
  },
  {
    "id": "6ecf5fd7-4e19-4ce4-b6cc-df2214deb983",
    "data": [
      {
        "text": "wie ist das ",
        "userDefined": false
      },
      {
        "text": "Wetter",
        "meta": "@sys.ignore",
        "userDefined": false
      },
      {
        "text": " in ",
        "userDefined": false
      },
      {
        "text": "Deutschland",
        "alias": "address",
        "meta": "@sys.location",
        "userDefined": false
      }
    ],
    "isTemplate": false,
    "count": 0,
    "updated": 0
  },
  {
    "id": "9b9e7395-8f10-4ca4-a79e-1d5ba4f7a01e",
    "data": [
      {
        "text": "Wetter",
        "meta": "@sys.ignore",
        "userDefined": false
      },
      {
        "text": " in ",
        "userDefined": false
      },
      {
        "text": "Oberhausen",
        "alias": "address",
        "meta": "@sys.location",
        "userDefined": false
      }
    ],
    "isTemplate": false,
    "count": 0,
    "updated": 0
  },
  {
    "id": "b86a02b9-b628-4d91-bebc-3e07c927cf42",
    "data": [
      {
        "text": "bitte lesen ",
        "userDefined": false
      },
      {
        "text": "Wetter",
        "meta": "@sys.ignore",
        "userDefined": false
      },
      {
        "text": " von ",
        "userDefined": false
      },
      {
        "text": "heute",
        "alias": "date-time",
        "meta": "@sys.date-time",
        "userDefined": false
      }
    ],
    "isTemplate": false,
    "count": 0,
    "updated": 0
  },
  {
    "id": "05d2a588-ae8f-4dfe-8ce7-9a9fc2d7049b",
    "data": [
      {
        "text": "welches",
        "meta": "@sys.ignore",
        "userDefined": false
      },
      {
        "text": " ",
        "userDefined": false
      },
      {
        "text": "Wetter",
        "meta": "@sys.ignore",
        "userDefined": false
      },
      {
        "text": " wird es ",
        "userDefined": false
      },
      {
        "text": "heute",
        "alias": "date-time",
        "meta": "@sys.date-time",
        "userDefined": false
      },
      {
        "text": " in ",
        "userDefined": false
      },
      {
        "text": "Rhede",
        "alias": "address",
        "meta": "@sys.location",
        "userDefined": false
      },
      {
        "text": " geben",
        "userDefined": false
      }
    ],
    "isTemplate": false,
    "count": 0,
    "updated": 0
  },
  {
    "id": "c9544bfc-eef3-4025-a1ac-4b41f8158adb",
    "data": [
      {
        "text": "wie wird ",
        "userDefined": false
      },
      {
        "text": "heute",
        "alias": "date-time",
        "meta": "@sys.date-time",
        "userDefined": false
      },
      {
        "text": " das ",
        "userDefined": false
      },
      {
        "text": "Wetter",
        "meta": "@sys.ignore",
        "userDefined": false
      },
      {
        "text": " in ",
        "userDefined": false
      },
      {
        "text": "Rhede",
        "alias": "address",
        "meta": "@sys.location",
        "userDefined": false
      }
    ],
    "isTemplate": false,
    "count": 0,
    "updated": 0
  },
  {
    "id": "66cab5b1-8784-4a38-8259-9290670233f6",
    "data": [
      {
        "text": "das ",
        "userDefined": false
      },
      {
        "text": "Wetter",
        "meta": "@sys.ignore",
        "userDefined": false
      },
      {
        "text": " ",
        "userDefined": false
      },
      {
        "text": "heute",
        "alias": "date-time",
        "meta": "@sys.date-time",
        "userDefined": false
      },
      {
        "text": " in ",
        "userDefined": false
      },
      {
        "text": "Hamburg",
        "alias": "address",
        "meta": "@sys.location",
        "userDefined": false
      }
    ],
    "isTemplate": false,
    "count": 0,
    "updated": 0
  },
  {
    "id": "f402f344-9568-4977-b50f-ebb4d7e113ff",
    "data": [
      {
        "text": "wie wird das ",
        "userDefined": false
      },
      {
        "text": "Wetter",
        "meta": "@sys.ignore",
        "userDefined": false
      },
      {
        "text": " ",
        "userDefined": false
      },
      {
        "text": "heute",
        "alias": "date-time",
        "meta": "@sys.date-time",
        "userDefined": false
      },
      {
        "text": " in ",
        "userDefined": false
      },
      {
        "text": "Hagenow",
        "alias": "address",
        "meta": "@sys.location",
        "userDefined": false
      }
    ],
    "isTemplate": false,
    "count": 0,
    "updated": 0
  },
  {
    "id": "5eadb4cb-f157-41fc-b526-db8f6f5afd2c",
    "data": [
      {
        "text": "welches",
        "meta": "@sys.ignore",
        "userDefined": false
      },
      {
        "text": " ",
        "userDefined": false
      },
      {
        "text": "Wetter",
        "meta": "@sys.ignore",
        "userDefined": false
      },
      {
        "text": " gibt es ",
        "userDefined": false
      },
      {
        "text": "heute",
        "alias": "date-time",
        "meta": "@sys.date-time",
        "userDefined": false
      },
      {
        "text": " in ",
        "userDefined": false
      },
      {
        "text": "Rhede",
        "alias": "address",
        "meta": "@sys.location",
        "userDefined": false
      }
    ],
    "isTemplate": false,
    "count": 0,
    "updated": 0
  },
  {
    "id": "c9c978e3-09ff-494d-b6a0-a5f7a0b2f154",
    "data": [
      {
        "text": "wie wird das ",
        "userDefined": false
      },
      {
        "text": "Wetter",
        "meta": "@sys.ignore",
        "userDefined": false
      },
      {
        "text": " in ",
        "userDefined": false
      },
      {
        "text": "Bogota",
        "alias": "address",
        "meta": "@sys.location",
        "userDefined": false
      }
    ],
    "isTemplate": false,
    "count": 0,
    "updated": 0
  },
  {
    "id": "c9092fbf-3ff2-4bcc-b517-c885105d92b4",
    "data": [
      {
        "text": "wie wird das ",
        "userDefined": false
      },
      {
        "text": "Wetter",
        "meta": "@sys.ignore",
        "userDefined": false
      },
      {
        "text": " in ",
        "userDefined": false
      },
      {
        "text": "Spremberg",
        "alias": "address",
        "meta": "@sys.location",
        "userDefined": false
      }
    ],
    "isTemplate": false,
    "count": 0,
    "updated": 0
  },
  {
    "id": "c778aca9-866d-435a-b2b9-e37801731d6f",
    "data": [
      {
        "text": "wie ist das ",
        "userDefined": false
      },
      {
        "text": "Wetter",
        "meta": "@sys.ignore",
        "userDefined": false
      },
      {
        "text": " in ",
        "userDefined": false
      },
      {
        "text": "Athen",
        "alias": "address",
        "meta": "@sys.location",
        "userDefined": true
      }
    ],
    "isTemplate": false,
    "count": 0,
    "updated": 0
  },
  {
    "id": "d754b281-a1e1-4698-9f36-dbdf0627b7b4",
    "data": [
      {
        "text": "wie wird ",
        "userDefined": false
      },
      {
        "text": "heute",
        "alias": "date-time",
        "meta": "@sys.date-time",
        "userDefined": false
      },
      {
        "text": " das ",
        "userDefined": false
      },
      {
        "text": "Wetter",
        "meta": "@sys.ignore",
        "userDefined": false
      },
      {
        "text": " in ",
        "userDefined": false
      },
      {
        "text": "Bochum",
        "alias": "address",
        "meta": "@sys.location",
        "userDefined": false
      }
    ],
    "isTemplate": false,
    "count": 0,
    "updated": 0
  },
  {
    "id": "a35a0f50-cb7d-4beb-abcb-a91d52dda129",
    "data": [
      {
        "text": "wie wird das ",
        "userDefined": false
      },
      {
        "text": "Wetter",
        "meta": "@sys.ignore",
        "userDefined": false
      },
      {
        "text": " in ",
        "userDefined": false
      },
      {
        "text": "Weimar",
        "alias": "address",
        "meta": "@sys.location",
        "userDefined": false
      }
    ],
    "isTemplate": false,
    "count": 0,
    "updated": 0
  },
  {
    "id": "ccd3944f-c8b5-4952-8831-31eb809f5e9b",
    "data": [
      {
        "text": "hallo wie wird das ",
        "userDefined": false
      },
      {
        "text": "Wetter",
        "meta": "@sys.ignore",
        "userDefined": false
      },
      {
        "text": " in ",
        "userDefined": false
      },
      {
        "text": "Weimar",
        "alias": "address",
        "meta": "@sys.location",
        "userDefined": false
      }
    ],
    "isTemplate": false,
    "count": 0,
    "updated": 0
  },
  {
    "id": "5e956a6f-9835-43ce-a408-e66fa99d8cea",
    "data": [
      {
        "text": "wie wird das ",
        "userDefined": false
      },
      {
        "text": "Wetter",
        "meta": "@sys.ignore",
        "userDefined": false
      },
      {
        "text": " in ",
        "userDefined": false
      },
      {
        "text": "Bellinzona",
        "alias": "address",
        "meta": "@sys.location",
        "userDefined": true
      },
      {
        "text": " ",
        "userDefined": false
      },
      {
        "text": "morgen",
        "alias": "date-time",
        "meta": "@sys.date-time",
        "userDefined": false
      }
    ],
    "isTemplate": false,
    "count": 0,
    "updated": 0
  },
  {
    "id": "e5912c58-5e94-41eb-a856-fd238917b8ea",
    "data": [
      {
        "text": "wie wird das ",
        "userDefined": false
      },
      {
        "text": "Wetter",
        "meta": "@sys.ignore",
        "userDefined": false
      },
      {
        "text": " ",
        "userDefined": false
      },
      {
        "text": "morgen",
        "alias": "date-time",
        "meta": "@sys.date-time",
        "userDefined": false
      },
      {
        "text": " in ",
        "userDefined": false
      },
      {
        "text": "Luzern",
        "alias": "address",
        "meta": "@sys.location",
        "userDefined": true
      }
    ],
    "isTemplate": false,
    "count": 0,
    "updated": 0
  },
  {
    "id": "8a29ba96-8e06-45e8-bc7e-08950ebf0fa1",
    "data": [
      {
        "text": "wie ist das ",
        "userDefined": false
      },
      {
        "text": "Wetter",
        "meta": "@sys.ignore",
        "userDefined": false
      },
      {
        "text": " gerade draußen bei mir ",
        "userDefined": false
      },
      {
        "text": "hier",
        "meta": "@sys.ignore",
        "userDefined": false
      }
    ],
    "isTemplate": false,
    "count": 0,
    "updated": 0
  },
  {
    "id": "1b54b7d7-c287-45f7-9a6d-dc0d890a7081",
    "data": [
      {
        "text": "wie ist das ",
        "userDefined": false
      },
      {
        "text": "Wetter",
        "meta": "@sys.ignore",
        "userDefined": false
      },
      {
        "text": " in ",
        "userDefined": false
      },
      {
        "text": "Freiburg",
        "alias": "address",
        "meta": "@sys.location",
        "userDefined": false
      }
    ],
    "isTemplate": false,
    "count": 0,
    "updated": 0
  },
  {
    "id": "6c112d80-59cc-45c8-b2d6-2a4c71268184",
    "data": [
      {
        "text": "wie wird das ",
        "userDefined": false
      },
      {
        "text": "Wetter",
        "meta": "@sys.ignore",
        "userDefined": false
      },
      {
        "text": " ",
        "userDefined": false
      },
      {
        "text": "morgen",
        "alias": "date-time",
        "meta": "@sys.date-time",
        "userDefined": false
      },
      {
        "text": " in ",
        "userDefined": false
      },
      {
        "text": "Coburg",
        "alias": "address",
        "meta": "@sys.location",
        "userDefined": false
      }
    ],
    "isTemplate": false,
    "count": 0,
    "updated": 0
  },
  {
    "id": "9265f969-3851-4498-a4e4-8b647ee6b2c9",
    "data": [
      {
        "text": "wie wird ",
        "userDefined": false
      },
      {
        "text": "morgen",
        "alias": "date-time",
        "meta": "@sys.date-time",
        "userDefined": false
      },
      {
        "text": " das ",
        "userDefined": false
      },
      {
        "text": "Wetter",
        "meta": "@sys.ignore",
        "userDefined": false
      },
      {
        "text": " in ",
        "userDefined": false
      },
      {
        "text": "Coburg",
        "alias": "address",
        "meta": "@sys.location",
        "userDefined": false
      }
    ],
    "isTemplate": false,
    "count": 0,
    "updated": 0
  },
  {
    "id": "ed34d878-6af3-4589-aeec-555c668204e2",
    "data": [
      {
        "text": "wie wird das ",
        "userDefined": false
      },
      {
        "text": "Wetter",
        "meta": "@sys.ignore",
        "userDefined": false
      },
      {
        "text": " ",
        "userDefined": false
      },
      {
        "text": "morgen",
        "alias": "date-time",
        "meta": "@sys.date-time",
        "userDefined": false
      },
      {
        "text": " in ",
        "userDefined": false
      },
      {
        "text": "Nürnberg",
        "alias": "address",
        "meta": "@sys.location",
        "userDefined": false
      }
    ],
    "isTemplate": false,
    "count": 0,
    "updated": 0
  },
  {
    "id": "6ad0a9a0-1b78-4e2d-8161-1da812717e29",
    "data": [
      {
        "text": "wie ist das ",
        "userDefined": false
      },
      {
        "text": "Wetter",
        "meta": "@sys.ignore",
        "userDefined": false
      },
      {
        "text": " in ",
        "userDefined": false
      },
      {
        "text": "Rickling",
        "alias": "address",
        "meta": "@sys.location",
        "userDefined": true
      }
    ],
    "isTemplate": false,
    "count": 0,
    "updated": 0
  },
  {
    "id": "e27df984-01ef-4246-9a2c-0e0d53133bcb",
    "data": [
      {
        "text": "wie wird das ",
        "userDefined": false
      },
      {
        "text": "Wetter",
        "meta": "@sys.ignore",
        "userDefined": false
      },
      {
        "text": " ",
        "userDefined": false
      },
      {
        "text": "morgen",
        "alias": "date-time",
        "meta": "@sys.date-time",
        "userDefined": false
      },
      {
        "text": " in ",
        "userDefined": false
      },
      {
        "text": "Regensburg",
        "alias": "address",
        "meta": "@sys.location",
        "userDefined": false
      }
    ],
    "isTemplate": false,
    "count": 0,
    "updated": 0
  },
  {
    "id": "5d4d8965-3051-495c-afa1-c3dd6e1a5397",
    "data": [
      {
        "text": "wie wird das ",
        "userDefined": false
      },
      {
        "text": "Wetter",
        "meta": "@sys.ignore",
        "userDefined": false
      },
      {
        "text": " ",
        "userDefined": false
      },
      {
        "text": "morgen",
        "alias": "date-time",
        "meta": "@sys.date-time",
        "userDefined": false
      },
      {
        "text": " in ",
        "userDefined": false
      },
      {
        "text": "Stralsund",
        "alias": "address",
        "meta": "@sys.location",
        "userDefined": false
      }
    ],
    "isTemplate": false,
    "count": 0,
    "updated": 0
  },
  {
    "id": "dcda8c42-68a0-470c-9205-88604b63ffd4",
    "data": [
      {
        "text": "kannst ",
        "userDefined": false
      },
      {
        "text": "du",
        "meta": "@sys.ignore",
        "userDefined": false
      },
      {
        "text": " mir sagen wie das ",
        "userDefined": false
      },
      {
        "text": "Wetter",
        "meta": "@sys.ignore",
        "userDefined": false
      },
      {
        "text": " ",
        "userDefined": false
      },
      {
        "text": "morgen",
        "alias": "date-time",
        "meta": "@sys.date-time",
        "userDefined": false
      },
      {
        "text": " wird",
        "userDefined": false
      }
    ],
    "isTemplate": false,
    "count": 0,
    "updated": 0
  },
  {
    "id": "c280dac3-ce3c-4f62-a589-70f7a7fe8997",
    "data": [
      {
        "text": "das ",
        "userDefined": false
      },
      {
        "text": "Wetter",
        "meta": "@sys.ignore",
        "userDefined": false
      },
      {
        "text": " für ",
        "userDefined": false
      },
      {
        "text": "Samstag",
        "alias": "date-time",
        "meta": "@sys.date-time",
        "userDefined": false
      }
    ],
    "isTemplate": false,
    "count": 0,
    "updated": 0
  },
  {
    "id": "4c20b304-65d3-43a4-9ecc-151601ded4b4",
    "data": [
      {
        "text": "das ",
        "userDefined": false
      },
      {
        "text": "Wetter",
        "meta": "@sys.ignore",
        "userDefined": false
      },
      {
        "text": " für ",
        "userDefined": false
      },
      {
        "text": "Freitag",
        "alias": "date-time",
        "meta": "@sys.date-time",
        "userDefined": false
      }
    ],
    "isTemplate": false,
    "count": 0,
    "updated": 0
  },
  {
    "id": "662b9ef0-0510-4924-86f9-be0a1bfbfc5b",
    "data": [
      {
        "text": "das ",
        "userDefined": false
      },
      {
        "text": "Wetter",
        "meta": "@sys.ignore",
        "userDefined": false
      },
      {
        "text": " für ",
        "userDefined": false
      },
      {
        "text": "Donnerstag",
        "alias": "date-time",
        "meta": "@sys.date-time",
        "userDefined": false
      }
    ],
    "isTemplate": false,
    "count": 0,
    "updated": 0
  },
  {
    "id": "1f5bcbcd-0d0a-45a3-ab6d-77b1b7b06375",
    "data": [
      {
        "text": "Wetter",
        "meta": "@sys.ignore",
        "userDefined": false
      },
      {
        "text": " in ",
        "userDefined": false
      },
      {
        "text": "Wuppertal",
        "alias": "address",
        "meta": "@sys.location",
        "userDefined": false
      }
    ],
    "isTemplate": false,
    "count": 0,
    "updated": 0
  },
  {
    "id": "4b786e4e-c585-4940-96a7-276a5f1b3bf1",
    "data": [
      {
        "text": "Wetter",
        "meta": "@sys.ignore",
        "userDefined": false
      },
      {
        "text": " in ",
        "userDefined": false
      },
      {
        "text": "Düsseldorf",
        "alias": "address",
        "meta": "@sys.location",
        "userDefined": false
      }
    ],
    "isTemplate": false,
    "count": 0,
    "updated": 0
  },
  {
    "id": "2f447288-586a-43c4-8afb-7d15e5413d5c",
    "data": [
      {
        "text": "wie wird das ",
        "userDefined": false
      },
      {
        "text": "Wetter",
        "meta": "@sys.ignore",
        "userDefined": false
      },
      {
        "text": " in ",
        "userDefined": false
      },
      {
        "text": "Berlin",
        "alias": "address",
        "meta": "@sys.location",
        "userDefined": false
      }
    ],
    "isTemplate": false,
    "count": 0,
    "updated": 0
  },
  {
    "id": "b81abae8-05a1-448c-8d5f-220e537a9d66",
    "data": [
      {
        "text": "wie ist das ",
        "userDefined": false
      },
      {
        "text": "Wetter",
        "meta": "@sys.ignore",
        "userDefined": false
      },
      {
        "text": " in ",
        "userDefined": false
      },
      {
        "text": "Arendsee",
        "alias": "address",
        "meta": "@sys.location",
        "userDefined": true
      }
    ],
    "isTemplate": false,
    "count": 1,
    "updated": 0
  },
  {
    "id": "aa8c7404-bb22-46b1-8b1d-e487f0d2c321",
    "data": [
      {
        "text": "wie soll das ",
        "userDefined": false
      },
      {
        "text": "Wetter",
        "meta": "@sys.ignore",
        "userDefined": false
      },
      {
        "text": " ",
        "userDefined": false
      },
      {
        "text": "morgen",
        "alias": "date-time",
        "meta": "@sys.date-time",
        "userDefined": false
      },
      {
        "text": " werden",
        "userDefined": false
      }
    ],
    "isTemplate": false,
    "count": 0,
    "updated": 0
  }
]