[
  {
    "id": "01305dcc-0365-4b7e-85ae-3b7759c62c22",
    "data": [
      {
        "text": "can I go ",
        "userDefined": false
      },
      {
        "text": "surfing",
        "alias": "activity",
        "meta": "@activity",
        "userDefined": true
      }
    ],
    "isTemplate": false,
    "count": 0,
    "updated": 0
  },
  {
    "id": "56b0fd3b-6d0d-4b7c-a8d1-c2775f979521",
    "data": [
      {
        "text": "is the",
        "meta": "@sys.ignore",
        "userDefined": false
      },
      {
        "text": " weather good for ",
        "userDefined": false
      },
      {
        "text": "walking",
        "alias": "activity",
        "meta": "@activity",
        "userDefined": true
      }
    ],
    "isTemplate": false,
    "count": 0,
    "updated": 0
  },
  {
    "id": "3a65097d-085c-4da4-b0ec-46babf1f760b",
    "data": [
      {
        "text": "how\u0027s the weather for ",
        "userDefined": false
      },
      {
        "text": "jogging",
        "alias": "activity",
        "meta": "@activity",
        "userDefined": false
      },
      {
        "text": " ",
        "userDefined": false
      },
      {
        "text": "tomorrow morning",
        "alias": "date-time",
        "meta": "@sys.date-time",
        "userDefined": false
      },
      {
        "text": " in ",
        "userDefined": false
      },
      {
        "text": "Mountain View",
        "alias": "location",
        "meta": "@sys.location",
        "userDefined": false
      }
    ],
    "isTemplate": false,
    "count": 0
  },
  {
    "id": "2935c01a-2f6d-48b5-9c47-dcd31003a2c0",
    "data": [
      {
        "text": "is it nice enough to go ",
        "userDefined": false
      },
      {
        "text": "swimming",
        "alias": "activity",
        "meta": "@activity",
        "userDefined": true
      }
    ],
    "isTemplate": false,
    "count": 0,
    "updated": 0
  },
  {
    "id": "21d3b157-edbe-4f35-8ed9-718a5653c89d",
    "data": [
      {
        "text": "will the weather allow for ",
        "userDefined": false
      },
      {
        "text": "cycling",
        "alias": "activity",
        "meta": "@activity",
        "userDefined": true
      },
      {
        "text": " in ",
        "userDefined": false
      },
      {
        "text": "Moscow",
        "alias": "location",
        "meta": "@sys.location",
        "userDefined": true
      }
    ],
    "isTemplate": false,
    "count": 0,
    "updated": 0
  },
  {
    "id": "f0b520de-ffc1-44c7-b2cb-2638fea445a0",
    "data": [
      {
        "text": "can I go ",
        "userDefined": false
      },
      {
        "text": "snowboarding",
        "alias": "activity",
        "meta": "@activity",
        "userDefined": true
      },
      {
        "text": " on the ",
        "userDefined": false
      },
      {
        "text": "weekend",
        "alias": "date-time",
        "meta": "@sys.date-time",
        "userDefined": true
      }
    ],
    "isTemplate": false,
    "count": 0,
    "updated": 0
  },
  {
    "id": "970910b6-e33a-44be-88bb-acf9af1a403b",
    "data": [
      {
        "text": "will it be cold enough for ",
        "userDefined": false
      },
      {
        "text": "snowball fighting",
        "alias": "activity",
        "meta": "@activity",
        "userDefined": true
      },
      {
        "text": " on ",
        "userDefined": false
      },
      {
        "text": "Friday",
        "alias": "date-time",
        "meta": "@sys.date-time",
        "userDefined": true
      }
    ],
    "isTemplate": false,
    "count": 0,
    "updated": 0
  },
  {
    "id": "9a0c7de0-57c3-4ebe-b0b0-9e6249d84208",
    "data": [
      {
        "text": "I\u0027m planning a ",
        "userDefined": false
      },
      {
        "text": "picnic",
        "alias": "activity",
        "meta": "@activity",
        "userDefined": true
      },
      {
        "text": " for ",
        "userDefined": false
      },
      {
        "text": "this Sunday",
        "alias": "date-time",
        "meta": "@sys.date-time",
        "userDefined": true
      },
      {
        "text": " weather permitting",
        "userDefined": false
      }
    ],
    "isTemplate": false,
    "count": 0
  },
  {
    "id": "5d175a2a-9af4-4d98-8ec5-4d476b6bb8d7",
    "data": [
      {
        "text": "is the weather nice enough to go ",
        "userDefined": false
      },
      {
        "text": "surfing",
        "alias": "activity",
        "meta": "@activity",
        "userDefined": true
      }
    ],
    "isTemplate": false,
    "count": 0,
    "updated": 0
  },
  {
    "id": "75ad18e8-82de-41c2-8ad2-3f33b93bbc86",
    "data": [
      {
        "text": "is the weather good enough to go ",
        "userDefined": false
      },
      {
        "text": "climbing",
        "alias": "activity",
        "meta": "@activity",
        "userDefined": true
      },
      {
        "text": " to ",
        "userDefined": false
      },
      {
        "text": "Malaga",
        "alias": "location",
        "meta": "@sys.location",
        "userDefined": true
      }
    ],
    "isTemplate": false,
    "count": 0,
    "updated": 0
  },
  {
    "id": "dd3a1041-0bba-4671-8ab6-3985b7f6e5de",
    "data": [
      {
        "text": "is the weather good for ",
        "userDefined": false
      },
      {
        "text": "camping",
        "alias": "activity",
        "meta": "@activity",
        "userDefined": true
      }
    ],
    "isTemplate": false,
    "count": 0,
    "updated": 0
  },
  {
    "id": "1065af4b-f7da-404d-bfc0-90c32714b26b",
    "data": [
      {
        "text": "do you think the weather\u0027s for ",
        "userDefined": false
      },
      {
        "text": "cycling",
        "alias": "activity",
        "meta": "@activity",
        "userDefined": false
      }
    ],
    "isTemplate": false,
    "count": 1,
    "updated": 0
  },
  {
    "id": "e25efd01-e293-4e20-a98d-893790ab342f",
    "data": [
      {
        "text": "is the weather nice enough to go ",
        "userDefined": false
      },
      {
        "text": "sightseeing",
        "alias": "activity",
        "meta": "@activity",
        "userDefined": true
      },
      {
        "text": " ",
        "userDefined": false
      },
      {
        "text": "today",
        "alias": "date-time",
        "meta": "@sys.date-time",
        "userDefined": true
      }
    ],
    "isTemplate": false,
    "count": 0,
    "updated": 0
  },
  {
    "id": "f965506d-dcdc-4d79-8dee-0f4e3a6cdbd0",
    "data": [
      {
        "text": "is the weather decent for ",
        "userDefined": false
      },
      {
        "text": "cycling",
        "alias": "activity",
        "meta": "@activity",
        "userDefined": false
      },
      {
        "text": " ",
        "userDefined": false
      },
      {
        "text": "right now",
        "meta": "@sys.ignore",
        "userDefined": false
      }
    ],
    "isTemplate": false,
    "count": 0,
    "updated": 0
  },
  {
    "id": "e80e9a88-f2f7-4bd9-bbb9-ed423020b4f9",
    "data": [
      {
        "text": "is ",
        "userDefined": false
      },
      {
        "text": "hiking",
        "alias": "activity",
        "meta": "@activity",
        "userDefined": false
      },
      {
        "text": " a ",
        "userDefined": false
      },
      {
        "text": "good",
        "meta": "@sys.ignore",
        "userDefined": false
      },
      {
        "text": " idea ",
        "userDefined": false
      },
      {
        "text": "right now",
        "meta": "@sys.ignore",
        "userDefined": true
      }
    ],
    "isTemplate": false,
    "count": 0,
    "updated": 0
  },
  {
    "id": "8cc89120-c382-4d57-a9d6-b18c5d39e36d",
    "data": [
      {
        "text": "can I go ",
        "userDefined": false
      },
      {
        "text": "skiing",
        "alias": "activity",
        "meta": "@activity",
        "userDefined": true
      },
      {
        "text": " in ",
        "userDefined": false
      },
      {
        "text": "Vienna",
        "alias": "location",
        "meta": "@sys.location",
        "userDefined": true
      }
    ],
    "isTemplate": false,
    "count": 0,
    "updated": 0
  },
  {
    "id": "0550cc33-3004-44b6-bd71-4b4fad3938e8",
    "data": [
      {
        "text": "can I go for a ",
        "userDefined": false
      },
      {
        "text": "run",
        "alias": "activity",
        "meta": "@activity",
        "userDefined": true
      }
    ],
    "isTemplate": false,
    "count": 0,
    "updated": 0
  },
  {
    "id": "5f008be0-1bc8-4c0c-9662-d9dd7eb96d42",
    "data": [
      {
        "text": "I plan to ",
        "userDefined": false
      },
      {
        "text": "ski",
        "alias": "activity",
        "meta": "@activity",
        "userDefined": true
      },
      {
        "text": " ",
        "userDefined": false
      },
      {
        "text": "today",
        "alias": "date-time",
        "meta": "@sys.date-time",
        "userDefined": true
      },
      {
        "text": " is it possible",
        "userDefined": false
      }
    ],
    "isTemplate": false,
    "count": 1,
    "updated": 0
  },
  {
    "id": "7b094737-89af-47e0-8bb4-8cf673bac698",
    "data": [
      {
        "text": "will I be able to go ",
        "userDefined": false
      },
      {
        "text": "jogging",
        "alias": "activity",
        "meta": "@activity",
        "userDefined": true
      },
      {
        "text": " ",
        "userDefined": false
      },
      {
        "text": "this evening",
        "alias": "date-time",
        "meta": "@sys.date-time",
        "userDefined": true
      }
    ],
    "isTemplate": false,
    "count": 0,
    "updated": 0
  }
]