[
  {
    "id": "14bcb4e5-d909-4c47-86b9-1c4f76b70b8c",
    "data": [
      {
        "text": "我還很想",
        "userDefined": false
      },
      {
        "text": "陣雪",
        "alias": "condition",
        "meta": "@weather-condition",
        "userDefined": false
      }
    ],
    "isTemplate": false,
    "count": 0,
    "updated": 0
  },
  {
    "id": "fa521ab7-1fcf-45e6-bcf2-ae8f5973ebb5",
    "data": [
      {
        "text": "還需要",
        "userDefined": false
      },
      {
        "text": "晴朗",
        "alias": "condition",
        "meta": "@weather-condition",
        "userDefined": false
      }
    ],
    "isTemplate": false,
    "count": 0,
    "updated": 0
  },
  {
    "id": "688def2a-9bd3-4d7f-9c1e-fca3133d62a2",
    "data": [
      {
        "text": "還能不能",
        "userDefined": false
      },
      {
        "text": "太陽",
        "alias": "condition",
        "meta": "@weather-condition",
        "userDefined": false
      }
    ],
    "isTemplate": false,
    "count": 0,
    "updated": 0
  },
  {
    "id": "fba430a1-3068-4f7f-89cd-56725c59db84",
    "data": [
      {
        "text": "能不能",
        "userDefined": false
      },
      {
        "text": "雷暴",
        "alias": "condition",
        "meta": "@weather-condition",
        "userDefined": false
      }
    ],
    "isTemplate": false,
    "count": 0,
    "updated": 0
  },
  {
    "id": "079f0a39-df52-4fc4-bd5d-0008d8691f24",
    "data": [
      {
        "text": "怎麽能",
        "userDefined": false
      },
      {
        "text": "雷雨",
        "alias": "condition",
        "meta": "@weather-condition",
        "userDefined": false
      }
    ],
    "isTemplate": false,
    "count": 0,
    "updated": 0
  },
  {
    "id": "a839a181-ebea-4f9e-8bfc-497d1f21c274",
    "data": [
      {
        "text": "會不會",
        "userDefined": false
      },
      {
        "text": "多雲",
        "alias": "condition",
        "meta": "@weather-condition",
        "userDefined": false
      }
    ],
    "isTemplate": false,
    "count": 0,
    "updated": 0
  },
  {
    "id": "6b193038-5ac5-48e7-9958-4cf47d9869aa",
    "data": [
      {
        "text": "我還要",
        "userDefined": false
      },
      {
        "text": "細雨",
        "alias": "condition",
        "meta": "@weather-condition",
        "userDefined": false
      }
    ],
    "isTemplate": false,
    "count": 0,
    "updated": 0
  },
  {
    "id": "801c24be-93c7-42b5-a05e-9c94d6f9d19e",
    "data": [
      {
        "text": "現在",
        "userDefined": false
      },
      {
        "text": "下雨",
        "alias": "condition",
        "meta": "@weather-condition",
        "userDefined": false
      }
    ],
    "isTemplate": false,
    "count": 0,
    "updated": 0
  },
  {
    "id": "9eff0e91-a286-4663-afc1-6a0a0eafb90d",
    "data": [
      {
        "text": "關于",
        "userDefined": false
      },
      {
        "text": "風",
        "alias": "condition",
        "meta": "@weather-condition",
        "userDefined": false
      }
    ],
    "isTemplate": false,
    "count": 0,
    "updated": 0
  },
  {
    "id": "a96fbe44-3ead-444f-856e-ae59874a6e3f",
    "data": [
      {
        "text": "還要",
        "userDefined": false
      },
      {
        "text": "多風",
        "alias": "condition",
        "meta": "@weather-condition",
        "userDefined": false
      }
    ],
    "isTemplate": false,
    "count": 0,
    "updated": 0
  },
  {
    "id": "6b9800df-1c0b-4859-a97f-dee2ad355a08",
    "data": [
      {
        "text": "煙霧",
        "alias": "condition",
        "meta": "@weather-condition",
        "userDefined": false
      },
      {
        "text": "呢",
        "userDefined": false
      }
    ],
    "isTemplate": false,
    "count": 1,
    "updated": 0
  }
]