[
  {
    "id": "a7937d2f-476b-4f88-8ed5-13add7d02723",
    "data": [
      {
        "text": "es buena idea hacer ",
        "userDefined": false
      },
      {
        "text": "senderismo",
        "alias": "activity",
        "meta": "@activity",
        "userDefined": true
      },
      {
        "text": " ahora mismo",
        "userDefined": false
      }
    ],
    "isTemplate": false,
    "count": 0,
    "updated": 0
  },
  {
    "id": "687dff29-c4c7-4099-bc94-16badff3d2a5",
    "data": [
      {
        "text": "hace buen tiempo para ",
        "userDefined": false
      },
      {
        "text": "caminar",
        "alias": "activity",
        "meta": "@activity",
        "userDefined": true
      }
    ],
    "isTemplate": false,
    "count": 1,
    "updated": 0
  },
  {
    "id": "612dbae6-b783-4952-ab86-4e7ad5d0175b",
    "data": [
      {
        "text": "dime si hace buen tiempo para ",
        "userDefined": false
      },
      {
        "text": "ir a la playa",
        "alias": "activity",
        "meta": "@activity",
        "userDefined": true
      },
      {
        "text": " en ",
        "userDefined": false
      },
      {
        "text": "Torrevieja",
        "alias": "address",
        "meta": "@sys.location",
        "userDefined": true
      },
      {
        "text": " ",
        "userDefined": false
      },
      {
        "text": "hoy",
        "alias": "date-time",
        "meta": "@sys.date-time",
        "userDefined": true
      }
    ],
    "isTemplate": false,
    "count": 0,
    "updated": 0
  },
  {
    "id": "52f70d1d-02f9-4d02-b16e-240904fa32a5",
    "data": [
      {
        "text": "está bueno el tiempo para ",
        "userDefined": false
      },
      {
        "text": "caminar",
        "alias": "activity",
        "meta": "@activity",
        "userDefined": true
      }
    ],
    "isTemplate": false,
    "count": 0,
    "updated": 0
  },
  {
    "id": "8074a329-304f-4623-919b-bab5f58cfd2d",
    "data": [
      {
        "text": "podré ir a ",
        "userDefined": false
      },
      {
        "text": "escalar a la montaña",
        "alias": "activity",
        "meta": "@activity",
        "userDefined": true
      },
      {
        "text": " el ",
        "userDefined": false
      },
      {
        "text": "jueves",
        "alias": "date-time",
        "meta": "@sys.date-time",
        "userDefined": true
      }
    ],
    "isTemplate": false,
    "count": 3,
    "updated": 0
  },
  {
    "id": "93f9f1f9-e7d0-4115-8b1e-7101c6b9ba18",
    "data": [
      {
        "text": "me gustaría saber si puedo ",
        "userDefined": false
      },
      {
        "text": "ir a la playa",
        "alias": "activity",
        "meta": "@activity",
        "userDefined": true
      }
    ],
    "isTemplate": false,
    "count": 0,
    "updated": 0
  },
  {
    "id": "a5431879-07ef-4698-9dfa-b7e83e1ec3fa",
    "data": [
      {
        "text": "podré ",
        "userDefined": false
      },
      {
        "text": "ir a la playa",
        "alias": "activity",
        "meta": "@activity",
        "userDefined": true
      }
    ],
    "isTemplate": false,
    "count": 0,
    "updated": 0
  },
  {
    "id": "97ab8c18-e822-4bf3-a5a2-cf5b7a8d8349",
    "data": [
      {
        "text": "puedo ir a ",
        "userDefined": false
      },
      {
        "text": "caminar",
        "alias": "activity",
        "meta": "@activity",
        "userDefined": true
      },
      {
        "text": " ahora por ",
        "userDefined": false
      },
      {
        "text": "Madrid",
        "alias": "address",
        "meta": "@sys.location",
        "userDefined": true
      }
    ],
    "isTemplate": false,
    "count": 0,
    "updated": 0
  },
  {
    "id": "47932687-4dfb-418d-ac02-275c5bf2cf9d",
    "data": [
      {
        "text": "es recomendable ",
        "userDefined": false
      },
      {
        "text": "salir",
        "meta": "@sys.ignore",
        "userDefined": true
      },
      {
        "text": " ahora en ",
        "userDefined": false
      },
      {
        "text": "Murcia",
        "alias": "address",
        "meta": "@sys.location",
        "userDefined": true
      }
    ],
    "isTemplate": false,
    "count": 0,
    "updated": 0
  },
  {
    "id": "8f1831bf-c0de-4323-925d-c78de70e1fd3",
    "data": [
      {
        "text": "no sé si es bueno ",
        "userDefined": false
      },
      {
        "text": "ir a la playa",
        "alias": "activity",
        "meta": "@activity",
        "userDefined": true
      },
      {
        "text": " ",
        "userDefined": false
      },
      {
        "text": "mañana",
        "alias": "date-time",
        "meta": "@sys.date-time",
        "userDefined": true
      }
    ],
    "isTemplate": false,
    "count": 0,
    "updated": 0
  },
  {
    "id": "3049aa5b-dc9b-4739-b25d-1a4cada6a473",
    "data": [
      {
        "text": "hace buen tiempo para ",
        "userDefined": false
      },
      {
        "text": "ir a la playa",
        "alias": "activity",
        "meta": "@activity",
        "userDefined": true
      }
    ],
    "isTemplate": false,
    "count": 0,
    "updated": 0
  },
  {
    "id": "11c9ed8a-a48d-4683-b986-a18d41e054d5",
    "data": [
      {
        "text": "hace buen tiempo para ",
        "userDefined": false
      },
      {
        "text": "jugar a frisbee",
        "alias": "activity",
        "meta": "@activity",
        "userDefined": true
      },
      {
        "text": " fuera",
        "userDefined": false
      }
    ],
    "isTemplate": false,
    "count": 0,
    "updated": 0
  },
  {
    "id": "72a7ce2d-e29f-4b0b-b8cf-8f3c6d7172bf",
    "data": [
      {
        "text": "puedo ir tranquilamente a ",
        "userDefined": false
      },
      {
        "text": "acampar",
        "alias": "activity",
        "meta": "@activity",
        "userDefined": true
      },
      {
        "text": " a la montaña",
        "userDefined": false
      }
    ],
    "isTemplate": false,
    "count": 0,
    "updated": 0
  },
  {
    "id": "592fca84-106d-4224-9666-ea592f1004a3",
    "data": [
      {
        "text": "el clima está a mi favor para ",
        "userDefined": false
      },
      {
        "text": "surfear",
        "alias": "activity",
        "meta": "@activity",
        "userDefined": true
      }
    ],
    "isTemplate": false,
    "count": 0,
    "updated": 0
  },
  {
    "id": "aa7005cb-d955-4036-93e2-925512d370ff",
    "data": [
      {
        "text": "infórmame si está bueno afuera para ",
        "userDefined": false
      },
      {
        "text": "caminar",
        "alias": "activity",
        "meta": "@activity",
        "userDefined": true
      },
      {
        "text": " por ",
        "userDefined": false
      },
      {
        "text": "Valencia",
        "alias": "address",
        "meta": "@sys.location",
        "userDefined": true
      }
    ],
    "isTemplate": false,
    "count": 0,
    "updated": 0
  },
  {
    "id": "a0585336-07db-4444-b060-06c218440e05",
    "data": [
      {
        "text": "trotar",
        "alias": "activity",
        "meta": "@activity",
        "userDefined": true
      },
      {
        "text": " se puede ahora por el clima",
        "userDefined": false
      }
    ],
    "isTemplate": false,
    "count": 0,
    "updated": 0
  },
  {
    "id": "fbd3a979-058b-4e25-8e62-15ab388546c1",
    "data": [
      {
        "text": "no",
        "meta": "@sys.ignore",
        "userDefined": true
      },
      {
        "text": " podré ",
        "userDefined": false
      },
      {
        "text": "trotar",
        "alias": "activity",
        "meta": "@activity",
        "userDefined": true
      },
      {
        "text": " ",
        "userDefined": false
      },
      {
        "text": "por el",
        "meta": "@sys.ignore",
        "userDefined": true
      },
      {
        "text": " clima afuera",
        "userDefined": false
      }
    ],
    "isTemplate": false,
    "count": 0,
    "updated": 0
  },
  {
    "id": "a3e34f51-bc17-44b6-bd9e-795a0e7aca59",
    "data": [
      {
        "text": "informar ",
        "userDefined": false
      },
      {
        "text": "si",
        "meta": "@sys.ignore",
        "userDefined": true
      },
      {
        "text": " estará ",
        "userDefined": false
      },
      {
        "text": "bueno",
        "meta": "@sys.ignore",
        "userDefined": true
      },
      {
        "text": " ",
        "userDefined": false
      },
      {
        "text": "mañana",
        "alias": "date-time",
        "meta": "@sys.date-time",
        "userDefined": true
      },
      {
        "text": " ",
        "userDefined": false
      },
      {
        "text": "para",
        "meta": "@sys.ignore",
        "userDefined": true
      },
      {
        "text": " ",
        "userDefined": false
      },
      {
        "text": "caminar",
        "alias": "activity",
        "meta": "@activity",
        "userDefined": true
      }
    ],
    "isTemplate": false,
    "count": 0,
    "updated": 0
  },
  {
    "id": "1634066b-0dc7-4e09-8e57-6b22c82d3abf",
    "data": [
      {
        "text": "el tiempo afuera me permite ",
        "userDefined": false
      },
      {
        "text": "ir al parque",
        "alias": "activity",
        "meta": "@activity",
        "userDefined": true
      }
    ],
    "isTemplate": false,
    "count": 0,
    "updated": 0
  },
  {
    "id": "164ebc8b-26df-4a1b-9a6c-e86b79102091",
    "data": [
      {
        "text": "avísame si está bueno para salir a ",
        "userDefined": false
      },
      {
        "text": "correr",
        "alias": "activity",
        "meta": "@activity",
        "userDefined": true
      }
    ],
    "isTemplate": false,
    "count": 0,
    "updated": 0
  },
  {
    "id": "0d7931c9-01ac-409c-adff-947f106a63a5",
    "data": [
      {
        "text": "avisarme si está bueno el clima para ",
        "userDefined": false
      },
      {
        "text": "ir a la playa",
        "alias": "activity",
        "meta": "@activity",
        "userDefined": true
      }
    ],
    "isTemplate": false,
    "count": 0,
    "updated": 0
  },
  {
    "id": "5e7ba205-911c-43f1-b0ee-7a703f3f8296",
    "data": [
      {
        "text": "se puede ir a ",
        "userDefined": false
      },
      {
        "text": "correr",
        "alias": "activity",
        "meta": "@activity",
        "userDefined": true
      },
      {
        "text": " con el clima de ",
        "userDefined": false
      },
      {
        "text": "Londres",
        "alias": "address",
        "meta": "@sys.location",
        "userDefined": true
      },
      {
        "text": " ahora",
        "userDefined": false
      }
    ],
    "isTemplate": false,
    "count": 0,
    "updated": 0
  },
  {
    "id": "d71e5c00-1f58-4e11-8d02-359720c476e5",
    "data": [
      {
        "text": "me puedes decir cómo está el clima para ",
        "userDefined": false
      },
      {
        "text": "ir a la montaña",
        "alias": "activity",
        "meta": "@activity",
        "userDefined": true
      }
    ],
    "isTemplate": false,
    "count": 0,
    "updated": 0
  },
  {
    "id": "ff3e5fd4-f714-4c27-80b0-d912a4ff8041",
    "data": [
      {
        "text": "me podrías decir si está bueno el clima para ",
        "userDefined": false
      },
      {
        "text": "acampar",
        "alias": "activity",
        "meta": "@activity",
        "userDefined": true
      }
    ],
    "isTemplate": false,
    "count": 0,
    "updated": 0
  },
  {
    "id": "4da5c425-5edf-40ab-a5ce-00d4d664bcc7",
    "data": [
      {
        "text": "el clima me permite ir a ",
        "userDefined": false
      },
      {
        "text": "acampar",
        "alias": "activity",
        "meta": "@activity",
        "userDefined": true
      }
    ],
    "isTemplate": false,
    "count": 0,
    "updated": 0
  },
  {
    "id": "8f0c3e73-0006-4373-8fb6-8417f9a4699b",
    "data": [
      {
        "text": "me permite el tiempo ir a ",
        "userDefined": false
      },
      {
        "text": "correr",
        "alias": "activity",
        "meta": "@activity",
        "userDefined": true
      }
    ],
    "isTemplate": false,
    "count": 0,
    "updated": 0
  },
  {
    "id": "5c25daad-7327-4e7a-8e69-4e52530d185e",
    "data": [
      {
        "text": "me cae bien el clima para ",
        "userDefined": false
      },
      {
        "text": "ir a la montaña",
        "alias": "activity",
        "meta": "@activity",
        "userDefined": true
      }
    ],
    "isTemplate": false,
    "count": 0,
    "updated": 0
  },
  {
    "id": "ef3530a0-d12f-40ff-aa0d-5ed693f9d37b",
    "data": [
      {
        "text": "está fresco afuera para ir a ",
        "userDefined": false
      },
      {
        "text": "correr",
        "alias": "activity",
        "meta": "@activity",
        "userDefined": true
      }
    ],
    "isTemplate": false,
    "count": 0,
    "updated": 0
  }
]