[
  {
    "id": "a489938a-6d08-4dc1-8e4d-75fffad35907",
    "data": [
      {
        "text": "fait-il bon pour faire du ",
        "userDefined": false
      },
      {
        "text": "sport",
        "alias": "activity",
        "meta": "@activity",
        "userDefined": true
      },
      {
        "text": " déhors ",
        "userDefined": false
      },
      {
        "text": "aujourd\u0027hui",
        "alias": "date-time",
        "meta": "@sys.date-time",
        "userDefined": true
      }
    ],
    "isTemplate": false,
    "count": 0,
    "updated": 0
  },
  {
    "id": "93878344-7fdf-4c12-918a-33d27c3d36bb",
    "data": [
      {
        "text": "sera-t-il assez chaud pour aller ",
        "userDefined": false
      },
      {
        "text": "nager",
        "alias": "activity",
        "meta": "@activity",
        "userDefined": true
      },
      {
        "text": " ",
        "userDefined": false
      },
      {
        "text": "demain",
        "alias": "date-time",
        "meta": "@sys.date-time",
        "userDefined": true
      }
    ],
    "isTemplate": false,
    "count": 1,
    "updated": 0
  },
  {
    "id": "6766ccdf-49e2-47ac-94b3-4a98ab1115cb",
    "data": [
      {
        "text": "fait-il beau à ",
        "userDefined": false
      },
      {
        "text": "Nantes",
        "alias": "address",
        "meta": "@sys.location",
        "userDefined": true
      },
      {
        "text": " pour faire du ",
        "userDefined": false
      },
      {
        "text": "jogging",
        "alias": "activity",
        "meta": "@activity",
        "userDefined": true
      }
    ],
    "isTemplate": false,
    "count": 0,
    "updated": 0
  },
  {
    "id": "87b711b6-7726-4dba-af9b-1ea6742272fd",
    "data": [
      {
        "text": "est-ce une bonne idée de partir en ",
        "userDefined": false
      },
      {
        "text": "randonnée",
        "alias": "activity",
        "meta": "@activity",
        "userDefined": true
      },
      {
        "text": " maintenant",
        "userDefined": false
      }
    ],
    "isTemplate": false,
    "count": 0,
    "updated": 0
  },
  {
    "id": "ec752696-57de-41fd-9a0b-e6262da7a32a",
    "data": [
      {
        "text": "fait-il assez beau pour jouer au ",
        "userDefined": false
      },
      {
        "text": "frisbee",
        "alias": "activity",
        "meta": "@activity",
        "userDefined": false
      },
      {
        "text": " dehors",
        "userDefined": false
      }
    ],
    "isTemplate": false,
    "count": 0,
    "updated": 0
  },
  {
    "id": "8c5aeefe-e1e8-4248-8bba-e4c2bee9e344",
    "data": [
      {
        "text": "fait-il assez beau à ",
        "userDefined": false
      },
      {
        "text": "Nantes",
        "alias": "address",
        "meta": "@sys.location",
        "userDefined": true
      },
      {
        "text": " pour faire du ",
        "userDefined": false
      },
      {
        "text": "jogging",
        "alias": "activity",
        "meta": "@activity",
        "userDefined": true
      }
    ],
    "isTemplate": false,
    "count": 0,
    "updated": 0
  },
  {
    "id": "2350511d-f1ea-4c21-bc2f-25a9a862c795",
    "data": [
      {
        "text": "est-ce qu\u0027",
        "userDefined": false
      },
      {
        "text": "il",
        "meta": "@sys.ignore",
        "userDefined": false
      },
      {
        "text": " fera assez ",
        "userDefined": false
      },
      {
        "text": "froid",
        "meta": "@sys.ignore",
        "userDefined": false
      },
      {
        "text": " pour ",
        "userDefined": false
      },
      {
        "text": "faire du snowboard",
        "alias": "activity",
        "meta": "@activity",
        "userDefined": false
      }
    ],
    "isTemplate": false,
    "count": 0,
    "updated": 0
  },
  {
    "id": "708eb928-65e8-4546-bf2b-770b0c5d49af",
    "data": [
      {
        "text": "fera-t-il assez chaud pour aller ",
        "userDefined": false
      },
      {
        "text": "nager",
        "alias": "activity",
        "meta": "@activity",
        "userDefined": true
      },
      {
        "text": " ",
        "userDefined": false
      },
      {
        "text": "demain",
        "alias": "date-time",
        "meta": "@sys.date-time",
        "userDefined": true
      }
    ],
    "isTemplate": false,
    "count": 0,
    "updated": 0
  },
  {
    "id": "eb8c753d-86f6-4ec9-9df2-3aac31a16b21",
    "data": [
      {
        "text": "fait-il assez bon pour faire du sport dehors ",
        "userDefined": false
      },
      {
        "text": "aujourd\u0027hui",
        "alias": "date-time",
        "meta": "@sys.date-time",
        "userDefined": true
      }
    ],
    "isTemplate": false,
    "count": 0,
    "updated": 0
  },
  {
    "id": "a9158aa0-902b-472e-b09d-79146471719f",
    "data": [
      {
        "text": "est-ce que ",
        "userDefined": false
      },
      {
        "text": "c",
        "meta": "@sys.ignore",
        "userDefined": false
      },
      {
        "text": "\u0027est le bon temps pour ",
        "userDefined": false
      },
      {
        "text": "faire du vélo",
        "alias": "activity",
        "meta": "@activity",
        "userDefined": false
      },
      {
        "text": " maintenant",
        "userDefined": false
      }
    ],
    "isTemplate": false,
    "count": 0,
    "updated": 0
  },
  {
    "id": "73adcb26-dbb4-487e-a3e5-b4bcab268a07",
    "data": [
      {
        "text": "fait-il beau pour aller ",
        "userDefined": false
      },
      {
        "text": "faire de la luge",
        "alias": "activity",
        "meta": "@activity",
        "userDefined": true
      },
      {
        "text": " ",
        "userDefined": false
      },
      {
        "text": "aujourd\u0027hui",
        "alias": "date-time",
        "meta": "@sys.date-time",
        "userDefined": true
      }
    ],
    "isTemplate": false,
    "count": 1,
    "updated": 0
  },
  {
    "id": "b2c8d340-304e-4af8-b503-8c26d8394e63",
    "data": [
      {
        "text": "est-ce qu\u0027il fait beau pour faire du ",
        "userDefined": false
      },
      {
        "text": "yoga",
        "alias": "activity",
        "meta": "@activity",
        "userDefined": true
      },
      {
        "text": " dehors",
        "userDefined": false
      }
    ],
    "isTemplate": false,
    "count": 1,
    "updated": 0
  },
  {
    "id": "2808e9a3-1a7c-4cf7-952f-e82f03512a36",
    "data": [
      {
        "text": "le temps est-il bon pour faire de la ",
        "userDefined": false
      },
      {
        "text": "marche",
        "alias": "activity",
        "meta": "@activity",
        "userDefined": true
      }
    ],
    "isTemplate": false,
    "count": 1,
    "updated": 0
  },
  {
    "id": "740f6488-c36e-4328-aebb-67f30f646009",
    "data": [
      {
        "text": "pourrai-je ",
        "userDefined": false
      },
      {
        "text": "faire du vélo",
        "alias": "activity",
        "meta": "@activity",
        "userDefined": false
      },
      {
        "text": " ",
        "userDefined": false
      },
      {
        "text": "aujourd\u0027hui",
        "alias": "date-time",
        "meta": "@sys.date-time",
        "userDefined": true
      }
    ],
    "isTemplate": false,
    "count": 0,
    "updated": 0
  },
  {
    "id": "16b6b873-f66b-4534-a836-8b16dce50115",
    "data": [
      {
        "text": "le temps est-il assez bon pour faire ",
        "userDefined": false
      },
      {
        "text": "de",
        "meta": "@sys.ignore",
        "userDefined": false
      },
      {
        "text": " ",
        "userDefined": false
      },
      {
        "text": "la",
        "meta": "@sys.ignore",
        "userDefined": false
      },
      {
        "text": " ",
        "userDefined": false
      },
      {
        "text": "marche",
        "alias": "activity",
        "meta": "@activity",
        "userDefined": true
      }
    ],
    "isTemplate": false,
    "count": 0,
    "updated": 0
  },
  {
    "id": "0540aa3c-2895-4260-ae90-651b68ebf70f",
    "data": [
      {
        "text": "est-ce qu\u0027",
        "userDefined": false
      },
      {
        "text": "il",
        "meta": "@sys.ignore",
        "userDefined": false
      },
      {
        "text": " fait assez beau pour faire du ",
        "userDefined": false
      },
      {
        "text": "yoga",
        "alias": "activity",
        "meta": "@activity",
        "userDefined": false
      },
      {
        "text": " dehors",
        "userDefined": false
      }
    ],
    "isTemplate": false,
    "count": 0,
    "updated": 0
  },
  {
    "id": "8ac8b526-75df-4fb8-9bb6-a2925a398512",
    "data": [
      {
        "text": "est-ce qu\u0027il fera froid pour faire du ",
        "userDefined": false
      },
      {
        "text": "snowboard",
        "alias": "activity",
        "meta": "@activity",
        "userDefined": true
      }
    ],
    "isTemplate": false,
    "count": 0,
    "updated": 0
  },
  {
    "id": "a2573a21-03ec-4566-b470-0557eb70f7a8",
    "data": [
      {
        "text": "dois-je aller faire de la ",
        "userDefined": false
      },
      {
        "text": "marche",
        "alias": "activity",
        "meta": "@activity",
        "userDefined": false
      }
    ],
    "isTemplate": false,
    "count": 0,
    "updated": 0
  },
  {
    "id": "3da78123-32d3-4df8-975a-da65b5fb533f",
    "data": [
      {
        "text": "fait-il assez beau pour aller ",
        "userDefined": false
      },
      {
        "text": "faire de la luge",
        "alias": "activity",
        "meta": "@activity",
        "userDefined": false
      },
      {
        "text": " ",
        "userDefined": false
      },
      {
        "text": "aujourd\u0027hui",
        "alias": "date-time",
        "meta": "@sys.date-time",
        "userDefined": true
      }
    ],
    "isTemplate": false,
    "count": 0,
    "updated": 0
  },
  {
    "id": "60e3bd45-bfb0-416d-b7ba-9934e8d4a599",
    "data": [
      {
        "text": "puis-je sortir pour faire du ",
        "userDefined": false
      },
      {
        "text": "jogging",
        "alias": "activity",
        "meta": "@activity",
        "userDefined": false
      },
      {
        "text": " ",
        "userDefined": false
      },
      {
        "text": "aujourd\u0027hui",
        "alias": "date-time",
        "meta": "@sys.date-time",
        "userDefined": false
      },
      {
        "text": " à ",
        "userDefined": false
      },
      {
        "text": "Paris",
        "alias": "address",
        "meta": "@sys.location",
        "userDefined": false
      }
    ],
    "isTemplate": false,
    "count": 0,
    "updated": 0
  }
]