[
  {
    "id": "0d0ca77b-2e48-4864-b033-12f941cc8127",
    "data": [
      {
        "text": "来週の金曜日",
        "alias": "date-time",
        "meta": "@sys.date-time",
        "userDefined": false
      },
      {
        "text": "札幌",
        "alias": "address",
        "meta": "@sys.location",
        "userDefined": false
      },
      {
        "text": "で",
        "userDefined": false
      },
      {
        "text": "傘",
        "alias": "outfit",
        "meta": "@outfit",
        "userDefined": false
      },
      {
        "text": "は必要になる",
        "userDefined": false
      }
    ],
    "isTemplate": false,
    "count": 0,
    "updated": 0
  },
  {
    "id": "31be3564-44d4-41d4-bcc6-743c4b27ae11",
    "data": [
      {
        "text": "旭川市",
        "alias": "address",
        "meta": "@sys.location",
        "userDefined": true
      },
      {
        "text": "で",
        "userDefined": false
      },
      {
        "text": "手袋",
        "alias": "outfit",
        "meta": "@outfit",
        "userDefined": true
      },
      {
        "text": "はしたほうがいいですか",
        "userDefined": false
      }
    ],
    "isTemplate": false,
    "count": 0,
    "updated": 0
  },
  {
    "id": "c3e1896a-d5f2-43d3-957f-494a699566e2",
    "data": [
      {
        "text": "明日",
        "alias": "date-time",
        "meta": "@sys.date-time",
        "userDefined": true
      },
      {
        "text": "コート",
        "alias": "outfit",
        "meta": "@outfit",
        "userDefined": true
      },
      {
        "text": "は必要になりますか",
        "userDefined": false
      }
    ],
    "isTemplate": false,
    "count": 0,
    "updated": 0
  },
  {
    "id": "4e14f898-26b6-427d-a4b9-82a17a13f620",
    "data": [
      {
        "text": "東京",
        "alias": "address",
        "meta": "@sys.location",
        "userDefined": true
      },
      {
        "text": "で",
        "userDefined": false
      },
      {
        "text": "傘",
        "alias": "outfit",
        "meta": "@outfit",
        "userDefined": true
      },
      {
        "text": "は必要なの",
        "userDefined": false
      }
    ],
    "isTemplate": false,
    "count": 1,
    "updated": 0
  },
  {
    "id": "b301f4d6-ed4d-47e3-b2aa-c4f2c7c45be0",
    "data": [
      {
        "text": "サングラス",
        "alias": "outfit",
        "meta": "@outfit",
        "userDefined": true
      },
      {
        "text": "は必要ですか",
        "userDefined": false
      }
    ],
    "isTemplate": false,
    "count": 0,
    "updated": 0
  },
  {
    "id": "cecd1c0e-a1e2-456a-9f13-10ac803bec54",
    "data": [
      {
        "text": "サングラス",
        "alias": "outfit",
        "meta": "@outfit",
        "userDefined": true
      },
      {
        "text": "をかけたほうがいい",
        "userDefined": false
      }
    ],
    "isTemplate": false,
    "count": 0,
    "updated": 0
  },
  {
    "id": "e08ce818-c972-4d91-9254-7d8771abc8a2",
    "data": [
      {
        "text": "傘",
        "alias": "outfit",
        "meta": "@outfit",
        "userDefined": true
      },
      {
        "text": "は必要になるの",
        "userDefined": false
      }
    ],
    "isTemplate": false,
    "count": 0,
    "updated": 0
  },
  {
    "id": "8a89b3d1-e350-4ea8-8925-d654be96c668",
    "data": [
      {
        "text": "上着",
        "alias": "outfit",
        "meta": "@outfit",
        "userDefined": true
      },
      {
        "text": "があったほうがいいかなあ",
        "userDefined": false
      }
    ],
    "isTemplate": false,
    "count": 0,
    "updated": 0
  },
  {
    "id": "fd86f09e-40b0-408b-a4e6-f31ab28e98a3",
    "data": [
      {
        "text": "今日",
        "alias": "date-time",
        "meta": "@sys.date-time",
        "userDefined": true
      },
      {
        "text": "は",
        "userDefined": false
      },
      {
        "text": "上着",
        "alias": "outfit",
        "meta": "@outfit",
        "userDefined": true
      },
      {
        "text": "を着たほうがいい",
        "userDefined": false
      }
    ],
    "isTemplate": false,
    "count": 0,
    "updated": 0
  },
  {
    "id": "bacde646-ae41-4ee3-acd1-c4ce2beabfe2",
    "data": [
      {
        "text": "今週末",
        "alias": "date-time",
        "meta": "@sys.date-time",
        "userDefined": true
      },
      {
        "text": "は",
        "userDefined": false
      },
      {
        "text": "傘",
        "alias": "outfit",
        "meta": "@outfit",
        "userDefined": true
      },
      {
        "text": "が必要になりますか",
        "userDefined": false
      }
    ],
    "isTemplate": false,
    "count": 0,
    "updated": 0
  },
  {
    "id": "e20ba05e-d901-4a64-bb2c-892be99abcf3",
    "data": [
      {
        "text": "明日",
        "alias": "date-time",
        "meta": "@sys.date-time",
        "userDefined": true
      },
      {
        "text": "は",
        "userDefined": false
      },
      {
        "text": "サングラス",
        "alias": "outfit",
        "meta": "@outfit",
        "userDefined": true
      },
      {
        "text": "があったほうがいい",
        "userDefined": false
      }
    ],
    "isTemplate": false,
    "count": 0,
    "updated": 0
  }
]