[
  {
    "id": "03bd4807-557c-40b6-8986-67d53d2ae188",
    "data": [
      {
        "text": "я ",
        "userDefined": false
      },
      {
        "text": "завтра",
        "alias": "date-time",
        "meta": "@sys.date-time",
        "userDefined": true
      },
      {
        "text": " лечу в ",
        "userDefined": false
      },
      {
        "text": "Париж",
        "alias": "address",
        "meta": "@sys.location",
        "userDefined": true
      },
      {
        "text": " мне нужно брать ",
        "userDefined": false
      },
      {
        "text": "зонтик",
        "alias": "outfit",
        "meta": "@outfit",
        "userDefined": true
      }
    ],
    "isTemplate": false,
    "count": 1,
    "updated": 0
  },
  {
    "id": "b5b14f0f-6f3d-4621-81c1-20a970a37887",
    "data": [
      {
        "text": "стоит одеть ",
        "userDefined": false
      },
      {
        "text": "пальто",
        "alias": "outfit",
        "meta": "@outfit",
        "userDefined": true
      }
    ],
    "isTemplate": false,
    "count": 0,
    "updated": 0
  },
  {
    "id": "4cf28489-16c1-4384-892a-a82be5c13beb",
    "data": [
      {
        "text": "мне пригодится ",
        "userDefined": false
      },
      {
        "text": "сегодня",
        "alias": "date-time",
        "meta": "@sys.date-time",
        "userDefined": true
      },
      {
        "text": " ",
        "userDefined": false
      },
      {
        "text": "зонтик",
        "alias": "outfit",
        "meta": "@outfit",
        "userDefined": true
      },
      {
        "text": " в ",
        "userDefined": false
      },
      {
        "text": "Лондоне",
        "alias": "address",
        "meta": "@sys.location",
        "userDefined": true
      }
    ],
    "isTemplate": false,
    "count": 1,
    "updated": 0
  },
  {
    "id": "7dbe58e1-f072-4b97-96df-deb84a4319a0",
    "data": [
      {
        "text": "понадобится ли ",
        "userDefined": false
      },
      {
        "text": "завтра",
        "alias": "date-time",
        "meta": "@sys.date-time",
        "userDefined": true
      },
      {
        "text": " ",
        "userDefined": false
      },
      {
        "text": "плащ",
        "alias": "outfit",
        "meta": "@outfit",
        "userDefined": true
      }
    ],
    "isTemplate": false,
    "count": 0,
    "updated": 0
  },
  {
    "id": "cb7da38e-8631-4f3b-8d4a-8edf9edb7ecf",
    "data": [
      {
        "text": "взять ли с собой ",
        "userDefined": false
      },
      {
        "text": "зонт",
        "alias": "outfit",
        "meta": "@outfit",
        "userDefined": true
      },
      {
        "text": " в ",
        "userDefined": false
      },
      {
        "text": "Токио",
        "alias": "address",
        "meta": "@sys.location",
        "userDefined": true
      }
    ],
    "isTemplate": false,
    "count": 0,
    "updated": 0
  },
  {
    "id": "96c228ed-bfe3-419d-ae58-87ccc9dd3be8",
    "data": [
      {
        "text": "надевать ли ",
        "userDefined": false
      },
      {
        "text": "перчатки",
        "alias": "outfit",
        "meta": "@outfit",
        "userDefined": true
      },
      {
        "text": " в ",
        "userDefined": false
      },
      {
        "text": "Аспене",
        "alias": "address",
        "meta": "@sys.location",
        "userDefined": true
      }
    ],
    "isTemplate": false,
    "count": 0,
    "updated": 0
  },
  {
    "id": "344c6034-8091-46eb-ad52-db73b57bbd85",
    "data": [
      {
        "text": "нужны ли мне будут ",
        "userDefined": false
      },
      {
        "text": "очки",
        "alias": "outfit",
        "meta": "@outfit",
        "userDefined": true
      }
    ],
    "isTemplate": false,
    "count": 0,
    "updated": 0
  },
  {
    "id": "edb51abf-719d-454b-9a36-3e8588cf3562",
    "data": [
      {
        "text": "взять ли ",
        "userDefined": false
      },
      {
        "text": "солнечные очки",
        "alias": "outfit",
        "meta": "@outfit",
        "userDefined": true
      }
    ],
    "isTemplate": false,
    "count": 0,
    "updated": 0
  },
  {
    "id": "92d490aa-68a3-4141-9e58-826cc5c63d25",
    "data": [
      {
        "text": "потребуется ли ",
        "userDefined": false
      },
      {
        "text": "зонт",
        "alias": "outfit",
        "meta": "@outfit",
        "userDefined": true
      }
    ],
    "isTemplate": false,
    "count": 0,
    "updated": 0
  },
  {
    "id": "590b26ed-9943-4dd4-ba7d-f799717eba68",
    "data": [
      {
        "text": "брать ",
        "userDefined": false
      },
      {
        "text": "пиджак",
        "alias": "outfit",
        "meta": "@outfit",
        "userDefined": true
      }
    ],
    "isTemplate": false,
    "count": 0,
    "updated": 0
  },
  {
    "id": "daede1c7-7f65-4ede-acf5-8d96f8f4d7b0",
    "data": [
      {
        "text": "надеть ли сегодня ",
        "userDefined": false
      },
      {
        "text": "пиджак",
        "alias": "outfit",
        "meta": "@outfit",
        "userDefined": true
      }
    ],
    "isTemplate": false,
    "count": 0,
    "updated": 0
  },
  {
    "id": "935881a7-14bf-4605-8d79-9f213d5aa7dd",
    "data": [
      {
        "text": "мне нужно надеть ",
        "userDefined": false
      },
      {
        "text": "пальто",
        "alias": "outfit",
        "meta": "@outfit",
        "userDefined": true
      }
    ],
    "isTemplate": false,
    "count": 1,
    "updated": 0
  },
  {
    "id": "abe7e3ff-e985-4965-b650-e91f0efe365c",
    "data": [
      {
        "text": "понадобится ли мне ",
        "userDefined": false
      },
      {
        "text": "зонт",
        "alias": "outfit",
        "meta": "@outfit",
        "userDefined": true
      },
      {
        "text": " ",
        "userDefined": false
      },
      {
        "text": "на этой неделе",
        "alias": "date-time",
        "meta": "@sys.date-time",
        "userDefined": true
      }
    ],
    "isTemplate": false,
    "count": 0,
    "updated": 0
  },
  {
    "id": "fb972360-818e-44d5-93ef-3e14a1a9b45e",
    "data": [
      {
        "text": "следует ли взять ",
        "userDefined": false
      },
      {
        "text": "солнечные очки",
        "alias": "outfit",
        "meta": "@outfit",
        "userDefined": true
      },
      {
        "text": " с собой ",
        "userDefined": false
      },
      {
        "text": "завтра",
        "alias": "date-time",
        "meta": "@sys.date-time",
        "userDefined": true
      }
    ],
    "isTemplate": false,
    "count": 0,
    "updated": 0
  },
  {
    "id": "43e97379-df94-4014-9a39-f8e4f0e3de5b",
    "data": [
      {
        "text": "брать ли с собой ",
        "userDefined": false
      },
      {
        "text": "солнцезащитные очки",
        "alias": "outfit",
        "meta": "@outfit",
        "userDefined": true
      },
      {
        "text": " в ",
        "userDefined": false
      },
      {
        "text": "Милан",
        "alias": "address",
        "meta": "@sys.location",
        "userDefined": true
      }
    ],
    "isTemplate": false,
    "count": 0,
    "updated": 0
  },
  {
    "id": "29dba390-de4d-4def-9956-fdf9f9630188",
    "data": [
      {
        "text": "мне понадобится ",
        "userDefined": false
      },
      {
        "text": "пальто",
        "alias": "outfit",
        "meta": "@outfit",
        "userDefined": true
      },
      {
        "text": " в ",
        "userDefined": false
      },
      {
        "text": "Лондоне",
        "alias": "address",
        "meta": "@sys.location",
        "userDefined": true
      }
    ],
    "isTemplate": false,
    "count": 0,
    "updated": 0
  },
  {
    "id": "980eaa7e-7659-4581-91e1-5182d5969294",
    "data": [
      {
        "text": "надевать ли ",
        "userDefined": false
      },
      {
        "text": "пальто",
        "alias": "outfit",
        "meta": "@outfit",
        "userDefined": true
      }
    ],
    "isTemplate": false,
    "count": 0,
    "updated": 0
  },
  {
    "id": "36b92b22-865e-4346-ad53-0cc2c4b95cbf",
    "data": [
      {
        "text": "взять с собой ",
        "userDefined": false
      },
      {
        "text": "пиджак",
        "alias": "outfit",
        "meta": "@outfit",
        "userDefined": true
      },
      {
        "text": " в ",
        "userDefined": false
      },
      {
        "text": "Рим",
        "alias": "address",
        "meta": "@sys.location",
        "userDefined": true
      }
    ],
    "isTemplate": false,
    "count": 0,
    "updated": 0
  },
  {
    "id": "ed2997d0-2a71-4c60-86e6-99876aaf42ca",
    "data": [
      {
        "text": "завтра",
        "alias": "date-time",
        "meta": "@sys.date-time",
        "userDefined": true
      },
      {
        "text": " в ",
        "userDefined": false
      },
      {
        "text": "Калифорнии",
        "alias": "address",
        "meta": "@sys.location",
        "userDefined": true
      },
      {
        "text": " потребуются ли мне ",
        "userDefined": false
      },
      {
        "text": "очки от солнца",
        "alias": "outfit",
        "meta": "@outfit",
        "userDefined": true
      }
    ],
    "isTemplate": false,
    "count": 0,
    "updated": 0
  },
  {
    "id": "ef8118cb-0c84-4f2b-aeff-9c51d67c19a9",
    "data": [
      {
        "text": "нужен ли будет ",
        "userDefined": false
      },
      {
        "text": "зонт",
        "alias": "outfit",
        "meta": "@outfit",
        "userDefined": true
      },
      {
        "text": " в ",
        "userDefined": false
      },
      {
        "text": "Париже",
        "alias": "address",
        "meta": "@sys.location",
        "userDefined": true
      },
      {
        "text": " на ",
        "userDefined": false
      },
      {
        "text": "этой неделе",
        "alias": "date-time",
        "meta": "@sys.date-time",
        "userDefined": true
      }
    ],
    "isTemplate": false,
    "count": 0,
    "updated": 0
  },
  {
    "id": "abce4656-9f31-49a7-9431-1592a068b9e8",
    "data": [
      {
        "text": "мне понадобится ",
        "userDefined": false
      },
      {
        "text": "завтра",
        "alias": "date-time",
        "meta": "@sys.date-time",
        "userDefined": true
      },
      {
        "text": " ",
        "userDefined": false
      },
      {
        "text": "куртка",
        "alias": "outfit",
        "meta": "@outfit",
        "userDefined": true
      },
      {
        "text": " в ",
        "userDefined": false
      },
      {
        "text": "Новосибирске",
        "alias": "address",
        "meta": "@sys.location",
        "userDefined": true
      }
    ],
    "isTemplate": false,
    "count": 0,
    "updated": 0
  },
  {
    "id": "5bede742-0a21-4a16-bb66-492be883b7a1",
    "data": [
      {
        "text": "взять ли с собой ",
        "userDefined": false
      },
      {
        "text": "пальто",
        "alias": "outfit",
        "meta": "@outfit",
        "userDefined": true
      },
      {
        "text": " в ",
        "userDefined": false
      },
      {
        "text": "Прагу",
        "alias": "address",
        "meta": "@sys.location",
        "userDefined": true
      },
      {
        "text": " ",
        "userDefined": false
      },
      {
        "text": "20 марта",
        "alias": "date-time",
        "meta": "@sys.date-time",
        "userDefined": true
      }
    ],
    "isTemplate": false,
    "count": 0,
    "updated": 0
  }
]