[
  {
    "id": "61fd3abc-bd02-4e5c-828d-dd17ee5c937f",
    "data": [
      {
        "text": "du ",
        "userDefined": false
      },
      {
        "text": "soleil",
        "alias": "condition",
        "meta": "@weather-condition",
        "userDefined": true
      }
    ],
    "isTemplate": false,
    "count": 0,
    "updated": 0
  },
  {
    "id": "4a808b40-cdb4-46c8-84c2-71e574130486",
    "data": [
      {
        "text": "et la ",
        "userDefined": false
      },
      {
        "text": "neige",
        "alias": "condition",
        "meta": "@weather-condition",
        "userDefined": true
      }
    ],
    "isTemplate": false,
    "count": 0,
    "updated": 0
  },
  {
    "id": "8a59fb4e-c82a-4174-aeda-222ab97aba69",
    "data": [
      {
        "text": "la ",
        "userDefined": false
      },
      {
        "text": "pluie",
        "alias": "condition",
        "meta": "@weather-condition",
        "userDefined": true
      }
    ],
    "isTemplate": false,
    "count": 0,
    "updated": 0
  }
]