[
  {
    "id": "9d8d5da0-1609-43fb-a8af-cddd235c83e5",
    "data": [
      {
        "text": "tempo di ",
        "userDefined": false
      },
      {
        "text": "oggi",
        "alias": "date-time",
        "meta": "@sys.date-time",
        "userDefined": true
      },
      {
        "text": " a ",
        "userDefined": false
      },
      {
        "text": "Madrid",
        "alias": "address",
        "meta": "@sys.location",
        "userDefined": true
      }
    ],
    "isTemplate": false,
    "count": 0,
    "updated": 0
  },
  {
    "id": "a84cf717-8ed8-43b7-b51e-c5e922b8af42",
    "data": [
      {
        "text": "che tempo fa a ",
        "userDefined": false
      },
      {
        "text": "Napoli",
        "alias": "address",
        "meta": "@sys.location",
        "userDefined": true
      },
      {
        "text": " ",
        "userDefined": false
      },
      {
        "text": "questa mattina",
        "alias": "date-time",
        "meta": "@sys.date-time",
        "userDefined": true
      }
    ],
    "isTemplate": false,
    "count": 0,
    "updated": 0
  },
  {
    "id": "d35a5012-cbfb-4bdc-8646-a44dd622e6fc",
    "data": [
      {
        "text": "che tempo fa ",
        "userDefined": false
      },
      {
        "text": "oggi",
        "alias": "date-time",
        "meta": "@sys.date-time",
        "userDefined": true
      }
    ],
    "isTemplate": false,
    "count": 0,
    "updated": 0
  },
  {
    "id": "197b267f-0f34-421f-b0d2-b311a6b245b7",
    "data": [
      {
        "text": "che tempo fa a ",
        "userDefined": false
      },
      {
        "text": "Roma",
        "alias": "address",
        "meta": "@sys.location",
        "userDefined": true
      }
    ],
    "isTemplate": false,
    "count": 0,
    "updated": 0
  },
  {
    "id": "160e5d4a-e6db-4ff4-8ad9-aae65bce6560",
    "data": [
      {
        "text": "previsioni del tempo",
        "userDefined": false
      }
    ],
    "isTemplate": false,
    "count": 0,
    "updated": 0
  },
  {
    "id": "5d623867-047b-4bee-8702-64df162d00ea",
    "data": [
      {
        "text": "previsioni meteo",
        "userDefined": false
      }
    ],
    "isTemplate": false,
    "count": 0,
    "updated": 0
  },
  {
    "id": "0e1c1b38-5631-438d-a474-9f5cf02c641d",
    "data": [
      {
        "text": "tempo",
        "userDefined": false
      }
    ],
    "isTemplate": false,
    "count": 0,
    "updated": 0
  },
  {
    "id": "605cfc42-e652-498c-9316-e0c382b05b42",
    "data": [
      {
        "text": "che tempo farà a ",
        "userDefined": false
      },
      {
        "text": "Londra",
        "alias": "address",
        "meta": "@sys.location",
        "userDefined": true
      },
      {
        "text": " ",
        "userDefined": false
      },
      {
        "text": "domani",
        "alias": "date-time",
        "meta": "@sys.date-time",
        "userDefined": true
      }
    ],
    "isTemplate": false,
    "count": 0,
    "updated": 0
  },
  {
    "id": "50ab8ffd-3740-482e-9df1-8d6698b35b90",
    "data": [
      {
        "text": "previsioni del tempo per ",
        "userDefined": false
      },
      {
        "text": "New York",
        "alias": "address",
        "meta": "@sys.location",
        "userDefined": true
      }
    ],
    "isTemplate": false,
    "count": 0,
    "updated": 0
  },
  {
    "id": "99d448d9-21f7-41b0-a89f-0b77ebf3b511",
    "data": [
      {
        "text": "che tempo fa a ",
        "userDefined": false
      },
      {
        "text": "Londra",
        "alias": "address",
        "meta": "@sys.location",
        "userDefined": true
      }
    ],
    "isTemplate": false,
    "count": 0,
    "updated": 0
  },
  {
    "id": "f7da5a5d-ccd9-4f8d-83bd-18920723e192",
    "data": [
      {
        "text": "tempo di ",
        "userDefined": false
      },
      {
        "text": "oggi",
        "alias": "date-time",
        "meta": "@sys.date-time",
        "userDefined": true
      }
    ],
    "isTemplate": false,
    "count": 0,
    "updated": 0
  }
]