[
  {
    "id": "42c5b20c-e2f9-4f63-a1ba-54009de3ecb5",
    "data": [
      {
        "text": "weather in ",
        "userDefined": false
      },
      {
        "text": "guwahati",
        "alias": "location",
        "meta": "@sys.address",
        "userDefined": false
      },
      {
        "text": " ",
        "userDefined": false
      },
      {
        "text": "today",
        "alias": "date-time",
        "meta": "@sys.date-time",
        "userDefined": false
      }
    ],
    "isTemplate": false,
    "count": 0,
    "updated": 0
  },
  {
    "id": "7fc5b5ba-1f67-4776-9ea9-3c7c254cc253",
    "data": [
      {
        "text": "weather ",
        "userDefined": false
      },
      {
        "text": "guwahati",
        "alias": "location",
        "meta": "@sys.location",
        "userDefined": true
      },
      {
        "text": " ",
        "userDefined": false
      },
      {
        "text": "now",
        "alias": "date-time",
        "meta": "@sys.date-time",
        "userDefined": false
      }
    ],
    "isTemplate": false,
    "count": 0,
    "updated": 0
  },
  {
    "id": "6c793ef3-6692-4e19-bf3c-230d279c2df8",
    "data": [
      {
        "text": "today",
        "alias": "date-time",
        "meta": "@sys.date-time",
        "userDefined": true
      },
      {
        "text": " \u0027s weather",
        "userDefined": false
      }
    ],
    "isTemplate": false,
    "count": 4,
    "updated": 1523150921
  },
  {
    "id": "ed567fe1-ae72-4f83-b0d4-bfa89fa0a015",
    "data": [
      {
        "text": "today",
        "alias": "date-time",
        "meta": "@sys.date-time",
        "userDefined": false
      },
      {
        "text": " \u0027s weather at ",
        "userDefined": false
      },
      {
        "text": "guwahati",
        "alias": "location",
        "meta": "@sys.location",
        "userDefined": true
      }
    ],
    "isTemplate": false,
    "count": 1,
    "updated": 1523150921
  },
  {
    "id": "e22ed9ac-3eb0-4508-bc39-14299473fa68",
    "data": [
      {
        "text": "guwahati",
        "alias": "location",
        "meta": "@sys.location",
        "userDefined": true
      },
      {
        "text": " weather on ",
        "userDefined": false
      },
      {
        "text": "sunday",
        "alias": "date-time",
        "meta": "@sys.date-time",
        "userDefined": false
      }
    ],
    "isTemplate": false,
    "count": 0,
    "updated": 1523150921
  },
  {
    "id": "237fa40b-06e6-4d25-97cc-d0d6cd6796ba",
    "data": [
      {
        "text": "weather in ",
        "userDefined": false
      },
      {
        "text": "guwahati",
        "alias": "location",
        "meta": "@sys.location",
        "userDefined": false
      },
      {
        "text": " on ",
        "userDefined": false
      },
      {
        "text": "sunday",
        "alias": "date-time",
        "meta": "@sys.date-time",
        "userDefined": false
      }
    ],
    "isTemplate": false,
    "count": 0,
    "updated": 1523150921
  },
  {
    "id": "7cf559b6-6840-4f02-9002-4056540cf55d",
    "data": [
      {
        "text": "guwahati",
        "alias": "location",
        "meta": "@sys.location",
        "userDefined": true
      },
      {
        "text": " weather",
        "userDefined": false
      }
    ],
    "isTemplate": false,
    "count": 0,
    "updated": 1523150921
  },
  {
    "id": "0798a8e2-35ec-4243-9bc8-5cb3ad55b24c",
    "data": [
      {
        "text": "guwahati",
        "alias": "location",
        "meta": "@sys.location",
        "userDefined": true
      },
      {
        "text": " weather ",
        "userDefined": false
      },
      {
        "text": "24 april",
        "alias": "date-time",
        "meta": "@sys.date-time",
        "userDefined": false
      }
    ],
    "isTemplate": false,
    "count": 0,
    "updated": 1523150921
  },
  {
    "id": "862ce432-d7aa-4b65-9f8f-b570785edcb6",
    "data": [
      {
        "text": "guwahati",
        "alias": "location",
        "meta": "@sys.location",
        "userDefined": true
      },
      {
        "text": " weather ",
        "userDefined": false
      },
      {
        "text": "april 24",
        "alias": "date",
        "meta": "@sys.date",
        "userDefined": false
      }
    ],
    "isTemplate": false,
    "count": 0,
    "updated": 1523150921
  },
  {
    "id": "958ab0e5-71fe-4743-b071-a4316b8f49c8",
    "data": [
      {
        "text": "sunday",
        "alias": "date",
        "meta": "@sys.date",
        "userDefined": false
      },
      {
        "text": " evening",
        "userDefined": false
      }
    ],
    "isTemplate": false,
    "count": 0,
    "updated": 1523150921
  },
  {
    "id": "d252d162-616e-4e8c-a52e-96b1398986cb",
    "data": [
      {
        "text": "how is the weather ",
        "userDefined": false
      },
      {
        "text": "now",
        "alias": "date-time",
        "meta": "@sys.date-time",
        "userDefined": true
      },
      {
        "text": " in ",
        "userDefined": false
      },
      {
        "text": "delhi",
        "alias": "location",
        "meta": "@sys.location",
        "userDefined": false
      }
    ],
    "isTemplate": false,
    "count": 0,
    "updated": 1523150921
  },
  {
    "id": "7464de13-4b8f-429c-88ca-ff8be6b29c78",
    "data": [
      {
        "text": "forecast in ",
        "userDefined": false
      },
      {
        "text": "Tokyo",
        "alias": "location",
        "meta": "@sys.location",
        "userDefined": true
      }
    ],
    "isTemplate": false,
    "count": 0,
    "updated": 1523150921
  },
  {
    "id": "1d66d081-1403-4ab3-9222-1d2e93764849",
    "data": [
      {
        "text": "what was the weather for ",
        "userDefined": false
      },
      {
        "text": "March 2nd",
        "alias": "date-time",
        "meta": "@sys.date-time",
        "userDefined": true
      }
    ],
    "isTemplate": false,
    "count": 0,
    "updated": 1523150921
  },
  {
    "id": "e007fb71-baab-4c20-b1b4-7a89680af0ac",
    "data": [
      {
        "text": "weather for ",
        "userDefined": false
      },
      {
        "text": "April 3",
        "alias": "date-time",
        "meta": "@sys.date-time",
        "userDefined": true
      }
    ],
    "isTemplate": false,
    "count": 0,
    "updated": 1523150921
  },
  {
    "id": "c16ac6e5-7691-490a-8da9-cda5d2112eb2",
    "data": [
      {
        "text": "I\u0027d like to know the weather",
        "userDefined": false
      }
    ],
    "isTemplate": false,
    "count": 0,
    "updated": 1523150921
  },
  {
    "id": "d6e6fa7a-5a50-4ce4-aa4a-35e0b78b2773",
    "data": [
      {
        "text": "weather in ",
        "userDefined": false
      },
      {
        "text": "London",
        "alias": "location",
        "meta": "@sys.location",
        "userDefined": true
      },
      {
        "text": " ",
        "userDefined": false
      },
      {
        "text": "in 5 days",
        "alias": "date-time",
        "meta": "@sys.date-time",
        "userDefined": true
      }
    ],
    "isTemplate": false,
    "count": 0,
    "updated": 1523150921
  },
  {
    "id": "07838bc4-19f3-4779-b42c-10a8d5504260",
    "data": [
      {
        "text": "what is",
        "meta": "@sys.ignore",
        "userDefined": false
      },
      {
        "text": " the weather for ",
        "userDefined": false
      },
      {
        "text": "Kernersville",
        "alias": "location",
        "meta": "@sys.location",
        "userDefined": false
      }
    ],
    "isTemplate": false,
    "count": 1,
    "updated": 1523150921
  },
  {
    "id": "8041bba6-dbe8-42a4-986d-21521d6f71a3",
    "data": [
      {
        "text": "what is the weather forecast for ",
        "userDefined": false
      },
      {
        "text": "tomorrow morning",
        "alias": "date-time",
        "meta": "@sys.date-time",
        "userDefined": true
      }
    ],
    "isTemplate": false,
    "count": 0,
    "updated": 1523150921
  },
  {
    "id": "65021d1e-4abd-4b56-81ab-9f0f36b50806",
    "data": [
      {
        "text": "how is the weather in my area",
        "userDefined": false
      }
    ],
    "isTemplate": false,
    "count": 0,
    "updated": 1523150921
  },
  {
    "id": "508ec177-1051-4286-a7cd-bd9dcfe35a6b",
    "data": [
      {
        "text": "what is the weather forecast for ",
        "userDefined": false
      },
      {
        "text": "this morning",
        "alias": "date-time",
        "meta": "@sys.date-time",
        "userDefined": true
      }
    ],
    "isTemplate": false,
    "count": 0,
    "updated": 1523150921
  },
  {
    "id": "d6307dea-415c-472e-a9e4-12e3d30db530",
    "data": [
      {
        "text": "weather in this area",
        "userDefined": false
      }
    ],
    "isTemplate": false,
    "count": 0,
    "updated": 1523150921
  },
  {
    "id": "ffbc76e9-2c7e-4e37-8f5e-6263f04b07ba",
    "data": [
      {
        "text": "weather forecast for ",
        "userDefined": false
      },
      {
        "text": "tomorrow",
        "alias": "date-time",
        "meta": "@sys.date-time",
        "userDefined": false
      },
      {
        "text": " in ",
        "userDefined": false
      },
      {
        "text": "Mountain View",
        "alias": "location",
        "meta": "@sys.location",
        "userDefined": false
      }
    ],
    "isTemplate": false,
    "count": 0,
    "updated": 1523150921
  },
  {
    "id": "b3ec669a-bbe9-4b2c-9948-bd6cf2f139b7",
    "data": [
      {
        "text": "current forecast in ",
        "userDefined": false
      },
      {
        "text": "Valencia",
        "alias": "location",
        "meta": "@sys.location",
        "userDefined": true
      }
    ],
    "isTemplate": false,
    "count": 0,
    "updated": 1523150921
  },
  {
    "id": "8a72bb9c-293e-4d63-9949-a5e43f3ed087",
    "data": [
      {
        "text": "what is the weather in ",
        "userDefined": false
      },
      {
        "text": "Cape Town",
        "alias": "location",
        "meta": "@sys.location",
        "userDefined": true
      }
    ],
    "isTemplate": false,
    "count": 0,
    "updated": 1523150921
  },
  {
    "id": "547755c0-c77c-4bae-9d06-df35eba76feb",
    "data": [
      {
        "text": "show me the weather in ",
        "userDefined": false
      },
      {
        "text": "San Francisco",
        "alias": "location",
        "meta": "@sys.location",
        "userDefined": false
      }
    ],
    "isTemplate": false,
    "count": 0,
    "updated": 1523150921
  },
  {
    "id": "aa613548-dfd0-4bce-9d1f-a4639ebfcad5",
    "data": [
      {
        "text": "weather forecast ",
        "userDefined": false
      },
      {
        "text": "in",
        "meta": "@sys.ignore",
        "userDefined": false
      },
      {
        "text": " ",
        "userDefined": false
      },
      {
        "text": "Oakland",
        "alias": "location",
        "meta": "@sys.location",
        "userDefined": false
      },
      {
        "text": " ",
        "userDefined": false
      },
      {
        "text": "next week",
        "alias": "date-time",
        "meta": "@sys.date-time",
        "userDefined": true
      }
    ],
    "isTemplate": false,
    "count": 0,
    "updated": 1523150921
  },
  {
    "id": "17634d80-b627-484f-bc16-b6ba0b741b16",
    "data": [
      {
        "text": "what\u0027s the weather like in our area",
        "userDefined": false
      }
    ],
    "isTemplate": false,
    "count": 0,
    "updated": 1523150921
  },
  {
    "id": "c7274c1d-b11b-41b0-b5c0-f218e59ae61d",
    "data": [
      {
        "text": "what is",
        "meta": "@sys.ignore",
        "userDefined": false
      },
      {
        "text": " the weather ",
        "userDefined": false
      },
      {
        "text": "tomorrow",
        "alias": "date-time",
        "meta": "@sys.date-time",
        "userDefined": true
      },
      {
        "text": " ",
        "userDefined": false
      },
      {
        "text": "in",
        "meta": "@sys.ignore",
        "userDefined": false
      },
      {
        "text": " ",
        "userDefined": false
      },
      {
        "text": "Campbell",
        "alias": "location",
        "meta": "@sys.location",
        "userDefined": false
      }
    ],
    "isTemplate": false,
    "count": 0,
    "updated": 1523150921
  },
  {
    "id": "23bc66fa-42fc-4f7a-8007-11a675ef4862",
    "data": [
      {
        "text": "today",
        "alias": "date-time",
        "meta": "@sys.date-time",
        "userDefined": true
      },
      {
        "text": "\u0027s weather in ",
        "userDefined": false
      },
      {
        "text": "London",
        "alias": "location",
        "meta": "@sys.location",
        "userDefined": true
      }
    ],
    "isTemplate": false,
    "count": 0,
    "updated": 1523150921
  },
  {
    "id": "c432d707-c447-4bcd-bc4a-670bae9b1020",
    "data": [
      {
        "text": "weather ",
        "userDefined": false
      },
      {
        "text": "Montana",
        "alias": "location",
        "meta": "@sys.location",
        "userDefined": false
      }
    ],
    "isTemplate": false,
    "count": 0,
    "updated": 1523150921
  },
  {
    "id": "d0ee81a8-7318-4c98-9ad8-577ad79defe4",
    "data": [
      {
        "text": "weather ",
        "userDefined": false
      },
      {
        "text": "Seattle",
        "alias": "location",
        "meta": "@sys.location",
        "userDefined": false
      }
    ],
    "isTemplate": false,
    "count": 0,
    "updated": 1523150921
  },
  {
    "id": "d934627e-e925-4f25-8a77-d1feae2f21dd",
    "data": [
      {
        "text": "find weather ",
        "userDefined": false
      },
      {
        "text": "India",
        "alias": "location",
        "meta": "@sys.location",
        "userDefined": true
      }
    ],
    "isTemplate": false,
    "count": 0,
    "updated": 1523150921
  },
  {
    "id": "fb3f76fc-af19-46b2-802b-530949d2d4f7",
    "data": [
      {
        "text": "weather on ",
        "userDefined": false
      },
      {
        "text": "Friday",
        "alias": "date-time",
        "meta": "@sys.date-time",
        "userDefined": true
      }
    ],
    "isTemplate": false,
    "count": 0,
    "updated": 1523150921
  },
  {
    "id": "18acd226-3bf0-4c95-bdcd-d7e70ee66f77",
    "data": [
      {
        "text": "weather in ",
        "userDefined": false
      },
      {
        "text": "New York",
        "alias": "location",
        "meta": "@sys.location",
        "userDefined": true
      },
      {
        "text": " ",
        "userDefined": false
      },
      {
        "text": "this morning",
        "alias": "date-time",
        "meta": "@sys.date-time",
        "userDefined": true
      }
    ],
    "isTemplate": false,
    "count": 0,
    "updated": 1523150921
  },
  {
    "id": "116d9f1a-5316-48e5-bc66-40204e88216b",
    "data": [
      {
        "text": "show me weather for ",
        "userDefined": false
      },
      {
        "text": "today",
        "alias": "date-time",
        "meta": "@sys.date-time",
        "userDefined": true
      }
    ],
    "isTemplate": false,
    "count": 0,
    "updated": 1523150921
  },
  {
    "id": "68f44ee3-fae2-4f36-832a-1f6ec5577660",
    "data": [
      {
        "text": "weather for the ",
        "userDefined": false
      },
      {
        "text": "fifth of May",
        "alias": "date-time",
        "meta": "@sys.date-time",
        "userDefined": true
      }
    ],
    "isTemplate": false,
    "count": 0,
    "updated": 1523150921
  },
  {
    "id": "a11c1a1f-55c2-4819-a4f2-d8a7e0eac242",
    "data": [
      {
        "text": "what\u0027s the weather supposed to be",
        "userDefined": false
      }
    ],
    "isTemplate": false,
    "count": 0,
    "updated": 1523150921
  },
  {
    "id": "78bec0c4-c2ce-4643-9c4b-d4852c6ce1f9",
    "data": [
      {
        "text": "check weather",
        "userDefined": false
      }
    ],
    "isTemplate": false,
    "count": 0,
    "updated": 1523150921
  },
  {
    "id": "fe0a34e2-bc2c-4aa5-a81b-e2a640a4e617",
    "data": [
      {
        "text": "what\u0027s the weather like ",
        "userDefined": false
      },
      {
        "text": "in",
        "meta": "@sys.ignore",
        "userDefined": false
      },
      {
        "text": " ",
        "userDefined": false
      },
      {
        "text": "Delft",
        "alias": "location",
        "meta": "@sys.location",
        "userDefined": true
      }
    ],
    "isTemplate": false,
    "count": 0,
    "updated": 1523150921
  },
  {
    "id": "16268409-e4ff-4b2d-91b6-f4d4ff5c5ea6",
    "data": [
      {
        "text": "what\u0027s the weather like in ",
        "userDefined": false
      },
      {
        "text": "New York",
        "alias": "location",
        "meta": "@sys.location",
        "userDefined": true
      }
    ],
    "isTemplate": false,
    "count": 0,
    "updated": 1523150921
  },
  {
    "id": "7592812e-67ff-4400-b819-82cd2f0ee8a9",
    "data": [
      {
        "text": "weather on ",
        "userDefined": false
      },
      {
        "text": "Sunday",
        "alias": "date-time",
        "meta": "@sys.date-time",
        "userDefined": true
      }
    ],
    "isTemplate": false,
    "count": 0,
    "updated": 1523150921
  },
  {
    "id": "5b1cc282-cd24-4032-9fb9-0847862428c3",
    "data": [
      {
        "text": "weather ",
        "userDefined": false
      },
      {
        "text": "in",
        "meta": "@sys.ignore",
        "userDefined": false
      },
      {
        "text": " ",
        "userDefined": false
      },
      {
        "text": "Nirmal",
        "alias": "location",
        "meta": "@sys.location",
        "userDefined": true
      }
    ],
    "isTemplate": false,
    "count": 1,
    "updated": 1523150921
  },
  {
    "id": "c9b32bfd-8f1c-40af-986d-d2b656d4cf90",
    "data": [
      {
        "text": "what is the weather like ",
        "userDefined": false
      },
      {
        "text": "right now",
        "alias": "date-time",
        "meta": "@sys.date-time",
        "userDefined": true
      }
    ],
    "isTemplate": false,
    "count": 0,
    "updated": 1523150921
  },
  {
    "id": "911b79bb-cc38-4dcc-a502-7e299c19d329",
    "data": [
      {
        "text": "weather report",
        "userDefined": false
      }
    ],
    "isTemplate": false,
    "count": 0,
    "updated": 1523150921
  },
  {
    "id": "231123c1-6033-4a4e-8ba7-854387e8821d",
    "data": [
      {
        "text": "tell me what\u0027s the weather like in ",
        "userDefined": false
      },
      {
        "text": "Atlanta",
        "alias": "location",
        "meta": "@sys.location",
        "userDefined": true
      }
    ],
    "isTemplate": false,
    "count": 0,
    "updated": 1523150921
  },
  {
    "id": "45aca91a-c202-439b-9e6d-d4d38076a7f0",
    "data": [
      {
        "text": "what is ",
        "userDefined": false
      },
      {
        "text": "today",
        "alias": "date-time",
        "meta": "@sys.date-time",
        "userDefined": true
      },
      {
        "text": "\u0027s weather",
        "userDefined": false
      }
    ],
    "isTemplate": false,
    "count": 0,
    "updated": 1523150921
  },
  {
    "id": "61dbdd66-36ed-46a0-a6db-0a10269439d7",
    "data": [
      {
        "text": "tell me the weather for the ",
        "userDefined": false
      },
      {
        "text": "next week",
        "alias": "date-time",
        "meta": "@sys.date-time",
        "userDefined": true
      }
    ],
    "isTemplate": false,
    "count": 0,
    "updated": 1523150921
  },
  {
    "id": "e4f09f49-403f-4f9b-ab8a-7bf50f690875",
    "data": [
      {
        "text": "what is the weather like ",
        "userDefined": false
      },
      {
        "text": "today",
        "alias": "date-time",
        "meta": "@sys.date-time",
        "userDefined": true
      }
    ],
    "isTemplate": false,
    "count": 0,
    "updated": 1523150921
  },
  {
    "id": "ea04a401-0d48-48a6-bd48-f0cfcbcd40bf",
    "data": [
      {
        "text": "weather forecast ",
        "userDefined": false
      },
      {
        "text": "in",
        "meta": "@sys.ignore",
        "userDefined": false
      },
      {
        "text": " ",
        "userDefined": false
      },
      {
        "text": "Denver",
        "alias": "location",
        "meta": "@sys.location",
        "userDefined": false
      }
    ],
    "isTemplate": false,
    "count": 0,
    "updated": 1523150921
  },
  {
    "id": "ff2eeb25-7425-4527-bc4c-2c8a9729b088",
    "data": [
      {
        "text": "what is the weather forecast for ",
        "userDefined": false
      },
      {
        "text": "this afternoon",
        "alias": "date-time",
        "meta": "@sys.date-time",
        "userDefined": true
      }
    ],
    "isTemplate": false,
    "count": 0,
    "updated": 1523150921
  },
  {
    "id": "ab04cfe4-1681-45f5-b249-e53f1380398e",
    "data": [
      {
        "text": "how\u0027s the weather gonna be on ",
        "userDefined": false
      },
      {
        "text": "Monday",
        "alias": "date-time",
        "meta": "@sys.date-time",
        "userDefined": true
      }
    ],
    "isTemplate": false,
    "count": 0,
    "updated": 1523150921
  },
  {
    "id": "641974bf-e297-4a03-a3ed-d40ba2494517",
    "data": [
      {
        "text": "weather ",
        "userDefined": false
      },
      {
        "text": "in",
        "meta": "@sys.ignore",
        "userDefined": false
      },
      {
        "text": " ",
        "userDefined": false
      },
      {
        "text": "Khanapur",
        "alias": "location",
        "meta": "@sys.location",
        "userDefined": true
      }
    ],
    "isTemplate": false,
    "count": 1,
    "updated": 1523150921
  },
  {
    "id": "753df004-7358-41a1-b726-7d29cdda9c5c",
    "data": [
      {
        "text": "what is ",
        "userDefined": false
      },
      {
        "text": "today",
        "alias": "date-time",
        "meta": "@sys.date-time",
        "userDefined": true
      },
      {
        "text": "\u0027s weather like",
        "userDefined": false
      }
    ],
    "isTemplate": false,
    "count": 0,
    "updated": 1523150921
  },
  {
    "id": "f2e32467-c6f3-48bd-99f3-701b2aa839bd",
    "data": [
      {
        "text": "the weather in ",
        "userDefined": false
      },
      {
        "text": "Miami",
        "alias": "location",
        "meta": "@sys.location",
        "userDefined": true
      },
      {
        "text": " is what",
        "userDefined": false
      }
    ],
    "isTemplate": false,
    "count": 1,
    "updated": 1523150921
  },
  {
    "id": "69d8c3ae-8f25-4d5b-87de-4e11a83fe63c",
    "data": [
      {
        "text": "what is the weather ",
        "userDefined": false
      },
      {
        "text": "today",
        "alias": "date-time",
        "meta": "@sys.date-time",
        "userDefined": true
      }
    ],
    "isTemplate": false,
    "count": 0,
    "updated": 1523150921
  },
  {
    "id": "6e1bddca-78a4-4347-b3a1-79c131b416fa",
    "data": [
      {
        "text": "what is",
        "meta": "@sys.ignore",
        "userDefined": false
      },
      {
        "text": " the current weather ",
        "userDefined": false
      },
      {
        "text": "in",
        "meta": "@sys.ignore",
        "userDefined": false
      },
      {
        "text": " ",
        "userDefined": false
      },
      {
        "text": "Pune",
        "alias": "location",
        "meta": "@sys.location",
        "userDefined": false
      }
    ],
    "isTemplate": false,
    "count": 0,
    "updated": 1523150921
  },
  {
    "id": "e2ef94a4-0b55-4b77-abe9-16c6ded2106e",
    "data": [
      {
        "text": "what\u0027s the weather going to be like later ",
        "userDefined": false
      },
      {
        "text": "today",
        "alias": "date-time",
        "meta": "@sys.date-time",
        "userDefined": true
      }
    ],
    "isTemplate": false,
    "count": 0,
    "updated": 1523150921
  },
  {
    "id": "d787213a-6bb3-4861-bf9e-cbfee5bcaa36",
    "data": [
      {
        "text": "what is the weather going to be like ",
        "userDefined": false
      },
      {
        "text": "today",
        "alias": "date-time",
        "meta": "@sys.date-time",
        "userDefined": true
      }
    ],
    "isTemplate": false,
    "count": 0,
    "updated": 1523150921
  },
  {
    "id": "37f3dbde-be54-45e4-9957-a6df5b77e7a9",
    "data": [
      {
        "text": "weather ",
        "userDefined": false
      },
      {
        "text": "Durban",
        "alias": "location",
        "meta": "@sys.location",
        "userDefined": false
      }
    ],
    "isTemplate": false,
    "count": 0,
    "updated": 1523150921
  },
  {
    "id": "e00f71b3-1f9e-4d16-9c85-8ed6a2b5e117",
    "data": [
      {
        "text": "weather in ",
        "userDefined": false
      },
      {
        "text": "Mamda",
        "alias": "location",
        "meta": "@sys.location",
        "userDefined": true
      }
    ],
    "isTemplate": false,
    "count": 1,
    "updated": 1523150921
  },
  {
    "id": "7dd486b4-e27c-4db8-a97d-45dc679adc1b",
    "data": [
      {
        "text": "show me the weather forecast for ",
        "userDefined": false
      },
      {
        "text": "next Saturday",
        "alias": "date-time",
        "meta": "@sys.date-time",
        "userDefined": true
      }
    ],
    "isTemplate": false,
    "count": 0,
    "updated": 1523150921
  },
  {
    "id": "f936a1c2-006f-4974-8af5-e16fb22bf49e",
    "data": [
      {
        "text": "India",
        "alias": "location",
        "meta": "@sys.location",
        "userDefined": true
      },
      {
        "text": " weather report",
        "userDefined": false
      }
    ],
    "isTemplate": false,
    "count": 0,
    "updated": 1523150921
  },
  {
    "id": "a2fa882b-8d9a-45be-b603-b4537b294f42",
    "data": [
      {
        "text": "weather at ",
        "userDefined": false
      },
      {
        "text": "night",
        "alias": "date-time",
        "meta": "@sys.date-time",
        "userDefined": true
      }
    ],
    "isTemplate": false,
    "count": 0,
    "updated": 1523150921
  },
  {
    "id": "e2bd33f6-ec8f-4a49-aeeb-29ee986f28b9",
    "data": [
      {
        "text": "how\u0027s the weather going to be ",
        "userDefined": false
      },
      {
        "text": "today",
        "alias": "date-time",
        "meta": "@sys.date-time",
        "userDefined": true
      }
    ],
    "isTemplate": false,
    "count": 0,
    "updated": 1523150921
  },
  {
    "id": "368f2ac6-dabb-45fb-9f0b-a9f647174a33",
    "data": [
      {
        "text": "what is",
        "meta": "@sys.ignore",
        "userDefined": false
      },
      {
        "text": " the current weather at ",
        "userDefined": false
      },
      {
        "text": "SVO",
        "alias": "location",
        "meta": "@sys.location",
        "userDefined": true
      }
    ],
    "isTemplate": false,
    "count": 0,
    "updated": 1523150921
  },
  {
    "id": "b0a45366-3723-4842-8ef2-bc2559603a70",
    "data": [
      {
        "text": "what is",
        "meta": "@sys.ignore",
        "userDefined": false
      },
      {
        "text": " the weather ",
        "userDefined": false
      },
      {
        "text": "tomorrow",
        "alias": "date-time",
        "meta": "@sys.date-time",
        "userDefined": true
      },
      {
        "text": " ",
        "userDefined": false
      },
      {
        "text": "in",
        "meta": "@sys.ignore",
        "userDefined": false
      },
      {
        "text": " ",
        "userDefined": false
      },
      {
        "text": "Canberra",
        "alias": "location",
        "meta": "@sys.location",
        "userDefined": false
      }
    ],
    "isTemplate": false,
    "count": 0,
    "updated": 1523150921
  },
  {
    "id": "b6c9cbca-4e14-4cec-81fc-d356a4c1be87",
    "data": [
      {
        "text": "could you give ",
        "userDefined": false
      },
      {
        "text": "me",
        "meta": "@sys.ignore",
        "userDefined": false
      },
      {
        "text": " the weather forecast for ",
        "userDefined": false
      },
      {
        "text": "Hong Kong",
        "alias": "location",
        "meta": "@sys.location",
        "userDefined": true
      },
      {
        "text": " please",
        "userDefined": false
      }
    ],
    "isTemplate": false,
    "count": 0,
    "updated": 1523150921
  },
  {
    "id": "80ba9c95-832f-4549-816e-124fab8612e3",
    "data": [
      {
        "text": "how\u0027s the weather ",
        "userDefined": false
      },
      {
        "text": "today",
        "alias": "date-time",
        "meta": "@sys.date-time",
        "userDefined": true
      }
    ],
    "isTemplate": false,
    "count": 0,
    "updated": 1523150921
  },
  {
    "id": "ed72dfbe-a76a-4912-bf3f-a0c7eef5ce29",
    "data": [
      {
        "text": "weather ",
        "userDefined": false
      },
      {
        "text": "now",
        "alias": "date-time",
        "meta": "@sys.date-time",
        "userDefined": true
      }
    ],
    "isTemplate": false,
    "count": 1,
    "updated": 1523150921
  },
  {
    "id": "c87b416e-a9b6-4813-85d5-6c18bf4f7734",
    "data": [
      {
        "text": "how\u0027s the weather in ",
        "userDefined": false
      },
      {
        "text": "Rome",
        "alias": "location",
        "meta": "@sys.location",
        "userDefined": true
      }
    ],
    "isTemplate": false,
    "count": 0,
    "updated": 1523150921
  },
  {
    "id": "a1e8ce1d-e684-4f13-98ae-9a25b485d24f",
    "data": [
      {
        "text": "weather of ",
        "userDefined": false
      },
      {
        "text": "Salalah",
        "alias": "location",
        "meta": "@sys.location",
        "userDefined": true
      }
    ],
    "isTemplate": false,
    "count": 0,
    "updated": 1523150921
  },
  {
    "id": "170cc187-8a9f-473e-82a2-f5d0057dcf53",
    "data": [
      {
        "text": "what is",
        "meta": "@sys.ignore",
        "userDefined": false
      },
      {
        "text": " the weather for ",
        "userDefined": false
      },
      {
        "text": "Greenville",
        "alias": "location",
        "meta": "@sys.location",
        "userDefined": false
      }
    ],
    "isTemplate": false,
    "count": 0,
    "updated": 1523150921
  },
  {
    "id": "ad623d46-49d8-4f59-b03a-e9010e633e3a",
    "data": [
      {
        "text": "what\u0027s the weather going to be ",
        "userDefined": false
      },
      {
        "text": "tomorrow",
        "alias": "date-time",
        "meta": "@sys.date-time",
        "userDefined": true
      }
    ],
    "isTemplate": false,
    "count": 0,
    "updated": 1523150921
  },
  {
    "id": "0a2d763c-3b0a-4a5e-b980-83878a950dbb",
    "data": [
      {
        "text": "what will be the weather ",
        "userDefined": false
      },
      {
        "text": "today",
        "alias": "date-time",
        "meta": "@sys.date-time",
        "userDefined": true
      }
    ],
    "isTemplate": false,
    "count": 0,
    "updated": 1523150921
  },
  {
    "id": "428d7213-3e87-4b69-8460-bb7789217fdc",
    "data": [
      {
        "text": "what\u0027s the weather supposed to be ",
        "userDefined": false
      },
      {
        "text": "this week",
        "alias": "date-time",
        "meta": "@sys.date-time",
        "userDefined": true
      }
    ],
    "isTemplate": false,
    "count": 0,
    "updated": 1523150921
  },
  {
    "id": "49169c79-2639-42ac-ab39-d5df2873bf0a",
    "data": [
      {
        "text": "what\u0027s the weather in my country",
        "userDefined": false
      }
    ],
    "isTemplate": false,
    "count": 0,
    "updated": 1523150921
  },
  {
    "id": "38d88874-be70-4b43-b396-6e00a06d4bfe",
    "data": [
      {
        "text": "show me the weather in ",
        "userDefined": false
      },
      {
        "text": "Munich",
        "alias": "location",
        "meta": "@sys.location",
        "userDefined": true
      }
    ],
    "isTemplate": false,
    "count": 0,
    "updated": 1523150921
  },
  {
    "id": "4f3a9cdc-a08d-46d8-9843-7b5d86854328",
    "data": [
      {
        "text": "weather forecast in ",
        "userDefined": false
      },
      {
        "text": "Oakland",
        "alias": "location",
        "meta": "@sys.location",
        "userDefined": true
      }
    ],
    "isTemplate": false,
    "count": 0,
    "updated": 1523150921
  },
  {
    "id": "6aeb9d88-9feb-4411-b109-5a50a2299c49",
    "data": [
      {
        "text": "what\u0027s the weather like ",
        "userDefined": false
      },
      {
        "text": "in",
        "meta": "@sys.ignore",
        "userDefined": false
      },
      {
        "text": " ",
        "userDefined": false
      },
      {
        "text": "San Diego",
        "alias": "location",
        "meta": "@sys.location",
        "userDefined": false
      },
      {
        "text": " ",
        "userDefined": false
      },
      {
        "text": "tomorrow",
        "alias": "date-time",
        "meta": "@sys.date-time",
        "userDefined": true
      }
    ],
    "isTemplate": false,
    "count": 1,
    "updated": 1523150921
  },
  {
    "id": "fa887016-791f-45a7-823f-0df387147dfa",
    "data": [
      {
        "text": "what\u0027s the weather forecast for ",
        "userDefined": false
      },
      {
        "text": "today",
        "alias": "date-time",
        "meta": "@sys.date-time",
        "userDefined": true
      }
    ],
    "isTemplate": false,
    "count": 0,
    "updated": 1523150921
  },
  {
    "id": "77c93cb2-630c-4064-abfc-ac4fd73eeaf0",
    "data": [
      {
        "text": "weather ",
        "userDefined": false
      },
      {
        "text": "today",
        "alias": "date-time",
        "meta": "@sys.date-time",
        "userDefined": true
      }
    ],
    "isTemplate": false,
    "count": 0,
    "updated": 1523150921
  },
  {
    "id": "e5a16a18-e311-46fe-9ae6-5bb619a47fc5",
    "data": [
      {
        "text": "what\u0027s the weather for ",
        "userDefined": false
      },
      {
        "text": "tomorrow",
        "alias": "date-time",
        "meta": "@sys.date-time",
        "userDefined": true
      }
    ],
    "isTemplate": false,
    "count": 0,
    "updated": 1523150921
  },
  {
    "id": "0d3ebe0c-fb05-4254-9c0d-0244acf7be88",
    "data": [
      {
        "text": "I\u0027d like to get the weather for ",
        "userDefined": false
      },
      {
        "text": "July 22",
        "alias": "date-time",
        "meta": "@sys.date-time",
        "userDefined": true
      }
    ],
    "isTemplate": false,
    "count": 0,
    "updated": 1523150921
  },
  {
    "id": "e1e788c5-9a9d-4c89-88eb-030fba647f19",
    "data": [
      {
        "text": "what\u0027s the weather like",
        "userDefined": false
      }
    ],
    "isTemplate": false,
    "count": 0,
    "updated": 1523150921
  },
  {
    "id": "62eca9a7-b6c3-464d-afcc-45dc8b35aeb3",
    "data": [
      {
        "text": "tomorrow",
        "alias": "date-time",
        "meta": "@sys.date-time",
        "userDefined": true
      },
      {
        "text": "\u0027s weather report for ",
        "userDefined": false
      },
      {
        "text": "Brussels",
        "alias": "location",
        "meta": "@sys.location",
        "userDefined": true
      }
    ],
    "isTemplate": false,
    "count": 0,
    "updated": 1523150921
  },
  {
    "id": "fc6f78d5-daaf-4802-a744-9b567bbdc920",
    "data": [
      {
        "text": "show me the weather in ",
        "userDefined": false
      },
      {
        "text": "Milan",
        "alias": "location",
        "meta": "@sys.location",
        "userDefined": true
      },
      {
        "text": " for ",
        "userDefined": false
      },
      {
        "text": "Wednesday",
        "alias": "date-time",
        "meta": "@sys.date-time",
        "userDefined": true
      }
    ],
    "isTemplate": false,
    "count": 0,
    "updated": 1523150921
  },
  {
    "id": "e8172b4b-be8f-4301-815c-7a43cd63a12e",
    "data": [
      {
        "text": "what is the weather ",
        "userDefined": false
      },
      {
        "text": "this afternoon",
        "alias": "date-time",
        "meta": "@sys.date-time",
        "userDefined": true
      }
    ],
    "isTemplate": false,
    "count": 0,
    "updated": 1523150921
  },
  {
    "id": "2e4f4f8c-d942-45eb-8249-dd61c5c42142",
    "data": [
      {
        "text": "what\u0027s the weather supposed to be in ",
        "userDefined": false
      },
      {
        "text": "Moscow",
        "alias": "location",
        "meta": "@sys.location",
        "userDefined": true
      }
    ],
    "isTemplate": false,
    "count": 1,
    "updated": 1523150921
  },
  {
    "id": "6a1c69dc-2dd1-41ed-9811-a7d97c5e61ea",
    "data": [
      {
        "text": "weather for ",
        "userDefined": false
      },
      {
        "text": "March 25",
        "alias": "date-time",
        "meta": "@sys.date-time",
        "userDefined": true
      }
    ],
    "isTemplate": false,
    "count": 0,
    "updated": 1523150921
  },
  {
    "id": "3a030a05-caf6-4957-8eaa-ab12b0037a42",
    "data": [
      {
        "text": "guwahati",
        "alias": "location",
        "meta": "@sys.location",
        "userDefined": true
      },
      {
        "text": " weather ",
        "userDefined": false
      },
      {
        "text": "sunday",
        "alias": "date",
        "meta": "@sys.date",
        "userDefined": false
      }
    ],
    "isTemplate": false,
    "count": 0,
    "updated": 1523150921
  },
  {
    "id": "9b2f7995-2d90-4e59-97d0-0fc333dbad1e",
    "data": [
      {
        "text": "weather ",
        "userDefined": false
      },
      {
        "text": "today",
        "alias": "date-time",
        "meta": "@sys.date-time",
        "userDefined": true
      },
      {
        "text": " in ",
        "userDefined": false
      },
      {
        "text": "New York",
        "alias": "location",
        "meta": "@sys.location",
        "userDefined": true
      }
    ],
    "isTemplate": false,
    "count": 0,
    "updated": 1523150921
  },
  {
    "id": "876d091e-71c0-4bf0-984d-f7479edd1750",
    "data": [
      {
        "text": "what\u0027s the weather supposed to be ",
        "userDefined": false
      },
      {
        "text": "next Friday",
        "alias": "date-time",
        "meta": "@sys.date-time",
        "userDefined": true
      },
      {
        "text": " in ",
        "userDefined": false
      },
      {
        "text": "San Francisco",
        "alias": "location",
        "meta": "@sys.location",
        "userDefined": true
      }
    ],
    "isTemplate": false,
    "count": 0,
    "updated": 1523150921
  },
  {
    "id": "15fa4608-6d8d-469d-8966-6b6e42a6a80e",
    "data": [
      {
        "text": "weather ",
        "userDefined": false
      },
      {
        "text": "in",
        "meta": "@sys.ignore",
        "userDefined": false
      },
      {
        "text": " ",
        "userDefined": false
      },
      {
        "text": "Moscow",
        "alias": "location",
        "meta": "@sys.location",
        "userDefined": false
      },
      {
        "text": " ",
        "userDefined": false
      },
      {
        "text": "tomorrow",
        "alias": "date-time",
        "meta": "@sys.date-time",
        "userDefined": false
      }
    ],
    "isTemplate": false,
    "count": 1,
    "updated": 1523150921
  },
  {
    "id": "ebdc2767-f54d-46cd-9776-9b347d66ea9b",
    "data": [
      {
        "text": "what\u0027s the weather like ",
        "userDefined": false
      },
      {
        "text": "this evening",
        "alias": "date-time",
        "meta": "@sys.date-time",
        "userDefined": true
      }
    ],
    "isTemplate": false,
    "count": 0,
    "updated": 1523150921
  },
  {
    "id": "30a9058d-1ccb-4a8a-adf3-3af4f50bb05e",
    "data": [
      {
        "text": "show ",
        "userDefined": false
      },
      {
        "text": "me",
        "meta": "@sys.ignore",
        "userDefined": false
      },
      {
        "text": " the weather",
        "userDefined": false
      }
    ],
    "isTemplate": false,
    "count": 0,
    "updated": 1523150921
  },
  {
    "id": "caf2ac49-6294-48b1-b5b5-1c1d9429ec5b",
    "data": [
      {
        "text": "what\u0027s it like outside",
        "userDefined": false
      }
    ],
    "isTemplate": false,
    "count": 0,
    "updated": 1523150921
  },
  {
    "id": "d2197de9-bf79-4527-b185-de5657784632",
    "data": [
      {
        "text": "what will be the weather like on the ",
        "userDefined": false
      },
      {
        "text": "weekend",
        "alias": "date-time",
        "meta": "@sys.date-time",
        "userDefined": true
      }
    ],
    "isTemplate": false,
    "count": 0,
    "updated": 1523150921
  },
  {
    "id": "51c96d98-f9ee-42fa-9ec7-970c46ccc72b",
    "data": [
      {
        "text": "weather in the ",
        "userDefined": false
      },
      {
        "text": "evening",
        "alias": "date-time",
        "meta": "@sys.date-time",
        "userDefined": true
      }
    ],
    "isTemplate": false,
    "count": 0,
    "updated": 1523150921
  },
  {
    "id": "c3b22243-ff3d-49df-af54-bac1bd12cd58",
    "data": [
      {
        "text": "what\u0027s the weather in ",
        "userDefined": false
      },
      {
        "text": "New York",
        "alias": "location",
        "meta": "@sys.location",
        "userDefined": true
      },
      {
        "text": " ",
        "userDefined": false
      },
      {
        "text": "this morning",
        "alias": "date-time",
        "meta": "@sys.date-time",
        "userDefined": true
      }
    ],
    "isTemplate": false,
    "count": 0,
    "updated": 1523150921
  },
  {
    "id": "52c06124-c766-467f-acda-0151ce1d7e7a",
    "data": [
      {
        "text": "weather in ",
        "userDefined": false
      },
      {
        "text": "afternoon",
        "alias": "date-time",
        "meta": "@sys.date-time",
        "userDefined": true
      }
    ],
    "isTemplate": false,
    "count": 0,
    "updated": 1523150921
  },
  {
    "id": "7d21bb28-2420-486e-844e-8912da4b20fa",
    "data": [
      {
        "text": "what\u0027s the weather like at ",
        "userDefined": false
      },
      {
        "text": "New York",
        "alias": "location",
        "meta": "@sys.location",
        "userDefined": true
      }
    ],
    "isTemplate": false,
    "count": 0,
    "updated": 1523150921
  },
  {
    "id": "e4693541-ec2c-4be4-844f-36793e2b5e35",
    "data": [
      {
        "text": "weather in ",
        "userDefined": false
      },
      {
        "text": "London",
        "alias": "location",
        "meta": "@sys.location",
        "userDefined": true
      }
    ],
    "isTemplate": false,
    "count": 0,
    "updated": 1523150921
  },
  {
    "id": "d52a5370-254e-482f-8d6b-a302fb57590a",
    "data": [
      {
        "text": "weather report for ",
        "userDefined": false
      },
      {
        "text": "Paris",
        "alias": "location",
        "meta": "@sys.location",
        "userDefined": true
      }
    ],
    "isTemplate": false,
    "count": 0,
    "updated": 1523150921
  },
  {
    "id": "b17722bf-d96d-4307-8b14-3e2cf6fa9d3c",
    "data": [
      {
        "text": "weather in ",
        "userDefined": false
      },
      {
        "text": "Valencia",
        "alias": "location",
        "meta": "@sys.location",
        "userDefined": true
      },
      {
        "text": " for ",
        "userDefined": false
      },
      {
        "text": "today",
        "alias": "date-time",
        "meta": "@sys.date-time",
        "userDefined": true
      }
    ],
    "isTemplate": false,
    "count": 0,
    "updated": 1523150921
  },
  {
    "id": "aca3ea1e-5897-417f-b21f-1064c283e03c",
    "data": [
      {
        "text": "tomorrow",
        "alias": "date-time",
        "meta": "@sys.date-time",
        "userDefined": true
      },
      {
        "text": "\u0027s weather",
        "userDefined": false
      }
    ],
    "isTemplate": false,
    "count": 0,
    "updated": 1523150921
  },
  {
    "id": "7e0c55dc-fd42-4c14-b18c-9f8ddde3935e",
    "data": [
      {
        "text": "weather forecast for ",
        "userDefined": false
      },
      {
        "text": "Tuesday",
        "alias": "date-time",
        "meta": "@sys.date-time",
        "userDefined": true
      }
    ],
    "isTemplate": false,
    "count": 0,
    "updated": 1523150921
  },
  {
    "id": "b02f6568-dd9a-4690-969e-a53207d9605a",
    "data": [
      {
        "text": "weather outside",
        "userDefined": false
      }
    ],
    "isTemplate": false,
    "count": 0,
    "updated": 1523150921
  },
  {
    "id": "d9afb0a7-1014-45f6-9c4d-387b98815032",
    "data": [
      {
        "text": "now",
        "meta": "@sys.ignore",
        "userDefined": false
      },
      {
        "text": " tell ",
        "userDefined": false
      },
      {
        "text": "me",
        "meta": "@sys.ignore",
        "userDefined": false
      },
      {
        "text": " the weather forecast ",
        "userDefined": false
      },
      {
        "text": "in",
        "meta": "@sys.ignore",
        "userDefined": false
      },
      {
        "text": " ",
        "userDefined": false
      },
      {
        "text": "Aspen",
        "alias": "location",
        "meta": "@sys.location",
        "userDefined": false
      }
    ],
    "isTemplate": false,
    "count": 0,
    "updated": 1523150921
  },
  {
    "id": "eb19788a-27b2-44b2-8200-4b84a15f89e3",
    "data": [
      {
        "text": "weather outside ",
        "userDefined": false
      },
      {
        "text": "this evening",
        "alias": "date-time",
        "meta": "@sys.date-time",
        "userDefined": true
      }
    ],
    "isTemplate": false,
    "count": 0,
    "updated": 1523150921
  },
  {
    "id": "322d7b0b-79cd-4d2d-bf8f-e936ffb3fb4b",
    "data": [
      {
        "text": "what\u0027s the weather forecast ",
        "userDefined": false
      },
      {
        "text": "in",
        "meta": "@sys.ignore",
        "userDefined": false
      },
      {
        "text": " ",
        "userDefined": false
      },
      {
        "text": "San Francisco",
        "alias": "location",
        "meta": "@sys.location",
        "userDefined": false
      }
    ],
    "isTemplate": false,
    "count": 0,
    "updated": 1523150921
  },
  {
    "id": "1bf55a07-de23-4c90-8808-42e0f0234fb4",
    "data": [
      {
        "text": "what will be the weather like in ",
        "userDefined": false
      },
      {
        "text": "Tokyo",
        "alias": "location",
        "meta": "@sys.location",
        "userDefined": true
      },
      {
        "text": " on the ",
        "userDefined": false
      },
      {
        "text": "next weekend",
        "alias": "date-time",
        "meta": "@sys.date-time",
        "userDefined": true
      }
    ],
    "isTemplate": false,
    "count": 0,
    "updated": 1523150921
  },
  {
    "id": "d587ed5e-8a00-489d-b067-bb19e7a4b2b3",
    "data": [
      {
        "text": "weather",
        "userDefined": false
      }
    ],
    "isTemplate": false,
    "count": 0,
    "updated": 1523150921
  },
  {
    "id": "52510e4b-eaf3-4566-a425-edfea918b56b",
    "data": [
      {
        "text": "how is the weather ",
        "userDefined": false
      },
      {
        "text": "today",
        "alias": "date-time",
        "meta": "@sys.date-time",
        "userDefined": true
      }
    ],
    "isTemplate": false,
    "count": 0,
    "updated": 1523150921
  },
  {
    "id": "64d08a38-4313-4797-b074-e30bc76d45e0",
    "data": [
      {
        "text": "what\u0027s the weather ",
        "userDefined": false
      },
      {
        "text": "today",
        "alias": "date-time",
        "meta": "@sys.date-time",
        "userDefined": true
      }
    ],
    "isTemplate": false,
    "count": 0,
    "updated": 1523150921
  },
  {
    "id": "a0b5dba4-6fee-4645-a486-37327decbffd",
    "data": [
      {
        "text": "what is the weather in ",
        "userDefined": false
      },
      {
        "text": "Melbourne",
        "alias": "location",
        "meta": "@sys.location",
        "userDefined": true
      },
      {
        "text": " ",
        "userDefined": false
      },
      {
        "text": "right now",
        "alias": "date-time",
        "meta": "@sys.date-time",
        "userDefined": true
      }
    ],
    "isTemplate": false,
    "count": 0,
    "updated": 1523150921
  },
  {
    "id": "84539245-0bb7-45f3-9eba-3eaaf1645edf",
    "data": [
      {
        "text": "I\u0027d like to know the weather for ",
        "userDefined": false
      },
      {
        "text": "November 13",
        "alias": "date-time",
        "meta": "@sys.date-time",
        "userDefined": true
      },
      {
        "text": " in ",
        "userDefined": false
      },
      {
        "text": "Zurich",
        "alias": "location",
        "meta": "@sys.location",
        "userDefined": true
      }
    ],
    "isTemplate": false,
    "count": 0,
    "updated": 1523150921
  },
  {
    "id": "5e9c8177-e955-40df-8482-c44e9bb4b066",
    "data": [
      {
        "text": "what is ",
        "userDefined": false
      },
      {
        "text": "today",
        "alias": "date-time",
        "meta": "@sys.date-time",
        "userDefined": true
      },
      {
        "text": "\u0027s weather going to be in ",
        "userDefined": false
      },
      {
        "text": "London",
        "alias": "location",
        "meta": "@sys.location",
        "userDefined": true
      }
    ],
    "isTemplate": false,
    "count": 0,
    "updated": 1523150921
  },
  {
    "id": "ffd7091f-826d-47fd-bc21-a6da64f889e7",
    "data": [
      {
        "text": "weather ",
        "userDefined": false
      },
      {
        "text": "this morning",
        "alias": "date-time",
        "meta": "@sys.date-time",
        "userDefined": true
      }
    ],
    "isTemplate": false,
    "count": 0,
    "updated": 1523150921
  },
  {
    "id": "2a09e358-eec5-414a-aead-6ea627aa6cc6",
    "data": [
      {
        "text": "I\u0027d like to know the weather in ",
        "userDefined": false
      },
      {
        "text": "Madrid",
        "alias": "location",
        "meta": "@sys.location",
        "userDefined": true
      }
    ],
    "isTemplate": false,
    "count": 0,
    "updated": 1523150921
  }
]