[
  {
    "id": "2855e8ad-8d17-4b2d-8c44-e041d345013f",
    "data": [
      {
        "text": "e ",
        "userDefined": false
      },
      {
        "text": "neve",
        "alias": "condition",
        "meta": "@weather-condition",
        "userDefined": true
      }
    ],
    "isTemplate": false,
    "count": 0,
    "updated": 0
  },
  {
    "id": "9884ab5d-dc58-4adc-9756-97921a7418b3",
    "data": [
      {
        "text": "e ",
        "userDefined": false
      },
      {
        "text": "chuva",
        "alias": "condition",
        "meta": "@weather-condition",
        "userDefined": true
      }
    ],
    "isTemplate": false,
    "count": 0,
    "updated": 0
  }
]