[
  {
    "id": "05f0e9e1-a19a-4c4e-aac0-0fb478c45efc",
    "data": [
      {
        "text": "а ",
        "userDefined": false
      },
      {
        "text": "снег",
        "alias": "condition",
        "meta": "@weather-condition",
        "userDefined": true
      }
    ],
    "isTemplate": false,
    "count": 0,
    "updated": 0
  },
  {
    "id": "bdde7632-93e0-4bb1-a05b-88e2aee089e4",
    "data": [
      {
        "text": "и ",
        "userDefined": false
      },
      {
        "text": "дождь",
        "alias": "condition",
        "meta": "@weather-condition",
        "userDefined": true
      }
    ],
    "isTemplate": false,
    "count": 0,
    "updated": 0
  }
]