[
  {
    "id": "906fa34c-4258-45bd-b739-a7a0b2933afc",
    "data": [
      {
        "text": "今日",
        "alias": "date-time",
        "meta": "@sys.date-time",
        "userDefined": true
      },
      {
        "text": "は",
        "userDefined": false
      },
      {
        "text": "スキー",
        "alias": "activity",
        "meta": "@activity",
        "userDefined": true
      },
      {
        "text": "をするつもりだけど、できるかな",
        "userDefined": false
      }
    ],
    "isTemplate": false,
    "count": 0,
    "updated": 0
  },
  {
    "id": "4ea6f437-11a2-43c2-828a-bdb3d211e976",
    "data": [
      {
        "text": "サーフィン",
        "alias": "activity",
        "meta": "@activity",
        "userDefined": true
      },
      {
        "text": "に行けるの",
        "userDefined": false
      }
    ],
    "isTemplate": false,
    "count": 0,
    "updated": 0
  },
  {
    "id": "e4a6f80e-0001-47c2-aebb-ee76e91fd2e8",
    "data": [
      {
        "text": "富士山",
        "alias": "address",
        "meta": "@sys.location",
        "userDefined": true
      },
      {
        "text": "に",
        "userDefined": false
      },
      {
        "text": "登り",
        "alias": "activity",
        "meta": "@activity",
        "userDefined": true
      },
      {
        "text": "に行ける",
        "userDefined": false
      }
    ],
    "isTemplate": false,
    "count": 0,
    "updated": 0
  },
  {
    "id": "1694b4d5-9ae5-4744-9d93-ad27050f728f",
    "data": [
      {
        "text": "散歩",
        "alias": "activity",
        "meta": "@activity",
        "userDefined": true
      },
      {
        "text": "をするには良い天気",
        "userDefined": false
      }
    ],
    "isTemplate": false,
    "count": 0,
    "updated": 0
  },
  {
    "id": "d420ece3-1a1a-4099-b234-75037d2976f3",
    "data": [
      {
        "text": "外で",
        "userDefined": false
      },
      {
        "text": "フリスビー",
        "alias": "activity",
        "meta": "@activity",
        "userDefined": true
      },
      {
        "text": "で遊べるくらい良い天気",
        "userDefined": false
      }
    ],
    "isTemplate": false,
    "count": 0,
    "updated": 0
  },
  {
    "id": "1531b713-82c3-415f-8143-0c58e5161c01",
    "data": [
      {
        "text": "明日",
        "alias": "date-time",
        "meta": "@sys.date-time",
        "userDefined": true
      },
      {
        "text": "ハイキング",
        "alias": "activity",
        "meta": "@activity",
        "userDefined": true
      },
      {
        "text": "するのにちょうど良い",
        "userDefined": false
      }
    ],
    "isTemplate": false,
    "count": 0,
    "updated": 0
  },
  {
    "id": "6df55e3f-f8d2-4ee8-b21c-9fa3b86842f7",
    "data": [
      {
        "text": "フリスビー",
        "alias": "activity",
        "meta": "@activity",
        "userDefined": true
      },
      {
        "text": "には向かない天気だと思う",
        "userDefined": false
      }
    ],
    "isTemplate": false,
    "count": 0,
    "updated": 0
  },
  {
    "id": "2c3327c3-de46-4f60-a7cf-6a0caab6871c",
    "data": [
      {
        "text": "雪合戦",
        "alias": "activity",
        "meta": "@activity",
        "userDefined": true
      },
      {
        "text": "するのに良い天気ですか",
        "userDefined": false
      }
    ],
    "isTemplate": false,
    "count": 0,
    "updated": 0
  },
  {
    "id": "55528954-fc45-40f5-bf4c-c149213218ef",
    "data": [
      {
        "text": "サイクリング",
        "alias": "activity",
        "meta": "@activity",
        "userDefined": true
      },
      {
        "text": "するのに良い天気だと思う",
        "userDefined": false
      }
    ],
    "isTemplate": false,
    "count": 0,
    "updated": 0
  },
  {
    "id": "af33c007-3dfe-4937-b57b-f5c3e8107d1c",
    "data": [
      {
        "text": "走り",
        "alias": "activity",
        "meta": "@activity",
        "userDefined": true
      },
      {
        "text": "に行ったほうがいいですか",
        "userDefined": false
      }
    ],
    "isTemplate": false,
    "count": 0,
    "updated": 0
  }
]