[
  {
    "id": "a17f5dea-4301-4c12-8b67-efecbc644d35",
    "data": [
      {
        "text": "ハワイ",
        "alias": "address",
        "meta": "@sys.location",
        "userDefined": true
      },
      {
        "text": "の天気",
        "userDefined": false
      }
    ],
    "isTemplate": false,
    "count": 0,
    "updated": 0
  },
  {
    "id": "d7bbad64-888b-4858-b796-2f0e4e2bd531",
    "data": [
      {
        "text": "横浜",
        "alias": "address",
        "meta": "@sys.location",
        "userDefined": true
      },
      {
        "text": "の天気は",
        "userDefined": false
      }
    ],
    "isTemplate": false,
    "count": 0,
    "updated": 0
  },
  {
    "id": "f8d64352-40cf-4be2-bb48-7b2017971d14",
    "data": [
      {
        "text": "5日後",
        "alias": "date-time",
        "meta": "@sys.date-time",
        "userDefined": true
      },
      {
        "text": "の",
        "userDefined": false
      },
      {
        "text": "ロンドン",
        "alias": "address",
        "meta": "@sys.location",
        "userDefined": true
      },
      {
        "text": "の天気",
        "userDefined": false
      }
    ],
    "isTemplate": false,
    "count": 1,
    "updated": 0
  },
  {
    "id": "24677dae-767b-4d9a-a8f7-1043ab45be2f",
    "data": [
      {
        "text": "東京",
        "alias": "address",
        "meta": "@sys.location",
        "userDefined": true
      },
      {
        "text": "の天気を",
        "userDefined": false
      },
      {
        "text": "摂氏",
        "alias": "unit",
        "meta": "@unit-temperature",
        "userDefined": true
      },
      {
        "text": "で",
        "userDefined": false
      }
    ],
    "isTemplate": false,
    "count": 0,
    "updated": 0
  },
  {
    "id": "712be523-8252-4584-8041-4b151451a4b6",
    "data": [
      {
        "text": "大阪",
        "alias": "address",
        "meta": "@sys.location",
        "userDefined": true
      },
      {
        "text": "の天気は",
        "userDefined": false
      }
    ],
    "isTemplate": false,
    "count": 0,
    "updated": 0
  },
  {
    "id": "573521db-1781-45f6-ac7f-60b67d7a5ccd",
    "data": [
      {
        "text": "今日",
        "alias": "date-time",
        "meta": "@sys.date-time",
        "userDefined": true
      },
      {
        "text": "の天気を教えて",
        "userDefined": false
      }
    ],
    "isTemplate": false,
    "count": 0,
    "updated": 0
  },
  {
    "id": "002eab0b-cced-4819-a4c2-2f569edfc4d3",
    "data": [
      {
        "text": "明日",
        "alias": "date-time",
        "meta": "@sys.date-time",
        "userDefined": true
      },
      {
        "text": "の",
        "userDefined": false
      },
      {
        "text": "福岡市",
        "alias": "address",
        "meta": "@sys.location",
        "userDefined": true
      },
      {
        "text": "の天気は",
        "userDefined": false
      }
    ],
    "isTemplate": false,
    "count": 0,
    "updated": 0
  },
  {
    "id": "db71e300-45c2-45ec-b2e8-7ac620d1d171",
    "data": [
      {
        "text": "明日",
        "alias": "date-time",
        "meta": "@sys.date-time",
        "userDefined": true
      },
      {
        "text": "の",
        "userDefined": false
      },
      {
        "text": "ニューヨーク",
        "alias": "address",
        "meta": "@sys.location",
        "userDefined": true
      },
      {
        "text": "の天気は",
        "userDefined": false
      }
    ],
    "isTemplate": false,
    "count": 0,
    "updated": 0
  },
  {
    "id": "9ad37433-9ede-4970-8c58-d3919f4d0581",
    "data": [
      {
        "text": "香港",
        "alias": "address",
        "meta": "@sys.location",
        "userDefined": true
      },
      {
        "text": "の天気予報を教えてください",
        "userDefined": false
      }
    ],
    "isTemplate": false,
    "count": 0,
    "updated": 0
  },
  {
    "id": "66eb02e7-93e0-4783-acf3-81b3cb37764e",
    "data": [
      {
        "text": "天気、",
        "userDefined": false
      },
      {
        "text": "神戸",
        "alias": "address",
        "meta": "@sys.location",
        "userDefined": true
      }
    ],
    "isTemplate": false,
    "count": 0,
    "updated": 0
  },
  {
    "id": "73206096-f0f0-42df-8ae3-01b2ae2fb4d5",
    "data": [
      {
        "text": "今週末",
        "alias": "date-time",
        "meta": "@sys.date-time",
        "userDefined": false
      },
      {
        "text": "の天気",
        "userDefined": false
      }
    ],
    "isTemplate": false,
    "count": 0,
    "updated": 0
  },
  {
    "id": "304e70d7-08ef-4db3-b566-3f906bb5f8b4",
    "data": [
      {
        "text": "今晩",
        "alias": "date-time",
        "meta": "@sys.date-time",
        "userDefined": false
      },
      {
        "text": "の",
        "userDefined": false
      },
      {
        "text": "ロンドン",
        "alias": "address",
        "meta": "@sys.location",
        "userDefined": false
      },
      {
        "text": "お天気は何になるの",
        "userDefined": false
      }
    ],
    "isTemplate": false,
    "count": 0,
    "updated": 0
  },
  {
    "id": "8aa0ab8d-b12d-4e61-9f5c-050a7cd26f55",
    "data": [
      {
        "text": "明日",
        "alias": "date-time",
        "meta": "@sys.date-time",
        "userDefined": false
      },
      {
        "text": "の天気はどうなりますか",
        "userDefined": false
      }
    ],
    "isTemplate": false,
    "count": 0,
    "updated": 0
  },
  {
    "id": "0fb8c030-0b7e-4c5c-837d-2afef7272792",
    "data": [
      {
        "text": "天気予報",
        "userDefined": false
      }
    ],
    "isTemplate": false,
    "count": 0,
    "updated": 0
  },
  {
    "id": "4ac8174f-2e39-4a13-990c-2b174f12e6ee",
    "data": [
      {
        "text": "天気を教えて",
        "userDefined": false
      }
    ],
    "isTemplate": false,
    "count": 1,
    "updated": 0
  },
  {
    "id": "4485d740-fb2a-442e-8433-940d5e35066d",
    "data": [
      {
        "text": "仙台市",
        "alias": "address",
        "meta": "@sys.location",
        "userDefined": false
      },
      {
        "text": "の天気は何ですか",
        "userDefined": false
      }
    ],
    "isTemplate": false,
    "count": 0,
    "updated": 0
  },
  {
    "id": "4f3ac22c-1ef5-4bd2-996f-3f0ee7d9d865",
    "data": [
      {
        "text": "お天気はどう",
        "userDefined": false
      }
    ],
    "isTemplate": false,
    "count": 0,
    "updated": 0
  },
  {
    "id": "70492589-f1cd-4be4-8104-acee1f696136",
    "data": [
      {
        "text": "天気はなんですか",
        "userDefined": false
      }
    ],
    "isTemplate": false,
    "count": 2,
    "updated": 0
  }
]