[
  {
    "id": "03b5dc67-074b-4e53-aa1a-4f551f9d5206",
    "data": [
      {
        "text": "какая погода в ",
        "userDefined": false
      },
      {
        "text": "Москве",
        "alias": "address",
        "meta": "@sys.location",
        "userDefined": true
      },
      {
        "text": " ",
        "userDefined": false
      },
      {
        "text": "этим утром",
        "alias": "date-time",
        "meta": "@sys.date-time",
        "userDefined": true
      }
    ],
    "isTemplate": false,
    "count": 0,
    "updated": 0
  },
  {
    "id": "dd47b9ea-a901-45dd-a29d-f1d19e3d763b",
    "data": [
      {
        "text": "какая ",
        "userDefined": false
      },
      {
        "text": "завтра",
        "alias": "date-time",
        "meta": "@sys.date-time",
        "userDefined": true
      },
      {
        "text": " будет погода",
        "userDefined": false
      }
    ],
    "isTemplate": false,
    "count": 0,
    "updated": 0
  },
  {
    "id": "f3dc195d-5d6e-41f4-9712-6688d6ee3b91",
    "data": [
      {
        "text": "что за погода ожидается в ",
        "userDefined": false
      },
      {
        "text": "Минске",
        "alias": "address",
        "meta": "@sys.location",
        "userDefined": true
      }
    ],
    "isTemplate": false,
    "count": 0,
    "updated": 0
  },
  {
    "id": "8dd6ee32-8fe8-474f-bc1b-754a33e8d680",
    "data": [
      {
        "text": "покажи температуру в ",
        "userDefined": false
      },
      {
        "text": "Риме",
        "alias": "address",
        "meta": "@sys.location",
        "userDefined": true
      },
      {
        "text": " по ",
        "userDefined": false
      },
      {
        "text": "Фаренгейту",
        "alias": "unit",
        "meta": "@unit-temperature",
        "userDefined": true
      }
    ],
    "isTemplate": false,
    "count": 0,
    "updated": 0
  },
  {
    "id": "adb34c9e-773b-4662-a5e6-2aa891b4e8fb",
    "data": [
      {
        "text": "погода в ",
        "userDefined": false
      },
      {
        "text": "Москве",
        "alias": "address",
        "meta": "@sys.location",
        "userDefined": true
      },
      {
        "text": " ",
        "userDefined": false
      },
      {
        "text": "через 5 дней",
        "alias": "date-time",
        "meta": "@sys.date-time",
        "userDefined": true
      }
    ],
    "isTemplate": false,
    "count": 1,
    "updated": 0
  },
  {
    "id": "00728957-5da7-449d-ada7-27ba5c8ed6df",
    "data": [
      {
        "text": "температура в ",
        "userDefined": false
      },
      {
        "text": "Париже",
        "alias": "address",
        "meta": "@sys.location",
        "userDefined": true
      },
      {
        "text": " в градусах ",
        "userDefined": false
      },
      {
        "text": "Цельсия",
        "alias": "unit",
        "meta": "@unit-temperature",
        "userDefined": true
      }
    ],
    "isTemplate": false,
    "count": 0,
    "updated": 0
  },
  {
    "id": "855cad4f-a805-44d8-8a9d-5ec260bffcb6",
    "data": [
      {
        "text": "какая сейчас погода в ",
        "userDefined": false
      },
      {
        "text": "Екатеринбурге",
        "alias": "address",
        "meta": "@sys.location",
        "userDefined": true
      }
    ],
    "isTemplate": false,
    "count": 1,
    "updated": 0
  },
  {
    "id": "39291c4f-aa62-4bc4-a05e-d2502eda7ccf",
    "data": [
      {
        "text": "покажи погоду на ",
        "userDefined": false
      },
      {
        "text": "сегодня",
        "alias": "date-time",
        "meta": "@sys.date-time",
        "userDefined": true
      }
    ],
    "isTemplate": false,
    "count": 0,
    "updated": 0
  },
  {
    "id": "de488943-9249-427d-ba16-c825a0aaab08",
    "data": [
      {
        "text": "погода завтра ",
        "userDefined": false
      },
      {
        "text": "Санкт-Петербург",
        "alias": "address",
        "meta": "@sys.location",
        "userDefined": true
      }
    ],
    "isTemplate": false,
    "count": 0,
    "updated": 0
  },
  {
    "id": "d47f6a4d-35c2-47a6-be4e-148bd1a0e8bd",
    "data": [
      {
        "text": "что за погода ",
        "userDefined": false
      },
      {
        "text": "завтра",
        "alias": "date-time",
        "meta": "@sys.date-time",
        "userDefined": true
      },
      {
        "text": " в ",
        "userDefined": false
      },
      {
        "text": "Нью-Йорке",
        "alias": "address",
        "meta": "@sys.location",
        "userDefined": true
      }
    ],
    "isTemplate": false,
    "count": 0,
    "updated": 0
  },
  {
    "id": "75babac6-bbda-4b09-a3c8-14c602510c01",
    "data": [
      {
        "text": "прогноз погоды ",
        "userDefined": false
      },
      {
        "text": "Москва",
        "alias": "address",
        "meta": "@sys.location",
        "userDefined": true
      }
    ],
    "isTemplate": false,
    "count": 0,
    "updated": 0
  },
  {
    "id": "07abccce-8489-410c-92da-7c9cbfbc1127",
    "data": [
      {
        "text": "погода ",
        "userDefined": false
      },
      {
        "text": "Дубаи",
        "alias": "address",
        "meta": "@sys.location",
        "userDefined": true
      }
    ],
    "isTemplate": false,
    "count": 0,
    "updated": 0
  },
  {
    "id": "0c75a401-b2f4-4979-9c7c-ef2af98eff2b",
    "data": [
      {
        "text": "погода в ",
        "userDefined": false
      },
      {
        "text": "Новосибирске",
        "alias": "address",
        "meta": "@sys.location",
        "userDefined": true
      }
    ],
    "isTemplate": false,
    "count": 0,
    "updated": 0
  },
  {
    "id": "b4158533-d1d2-482f-938f-070477584d4f",
    "data": [
      {
        "text": "погода ",
        "userDefined": false
      },
      {
        "text": "Ростова-на-Дону",
        "alias": "address",
        "meta": "@sys.location",
        "userDefined": true
      }
    ],
    "isTemplate": false,
    "count": 0,
    "updated": 0
  },
  {
    "id": "764363bd-a62e-4ec6-a8e3-62249d107b6b",
    "data": [
      {
        "text": "прогноз погоды для ",
        "userDefined": false
      },
      {
        "text": "Канады",
        "alias": "address",
        "meta": "@sys.location",
        "userDefined": true
      },
      {
        "text": " ",
        "userDefined": false
      },
      {
        "text": "следующая неделя",
        "alias": "date-time",
        "meta": "@sys.date-time",
        "userDefined": true
      }
    ],
    "isTemplate": false,
    "count": 0,
    "updated": 0
  },
  {
    "id": "f9d58b93-85a0-40f6-b9d9-d56bfa78289e",
    "data": [
      {
        "text": "найди погоду в ",
        "userDefined": false
      },
      {
        "text": "Бангалоре",
        "alias": "address",
        "meta": "@sys.location",
        "userDefined": true
      }
    ],
    "isTemplate": false,
    "count": 0,
    "updated": 0
  },
  {
    "id": "ff278fd5-40e4-4545-a535-80e65d9c7764",
    "data": [
      {
        "text": "что сейчас за погода в ",
        "userDefined": false
      },
      {
        "text": "Керале",
        "alias": "address",
        "meta": "@sys.location",
        "userDefined": true
      }
    ],
    "isTemplate": false,
    "count": 0,
    "updated": 0
  },
  {
    "id": "7edb7c14-4e35-43bf-8f32-4f6c42c59040",
    "data": [
      {
        "text": "что с температурой в ",
        "userDefined": false
      },
      {
        "text": "Лондоне",
        "alias": "address",
        "meta": "@sys.location",
        "userDefined": true
      }
    ],
    "isTemplate": false,
    "count": 1,
    "updated": 0
  },
  {
    "id": "2cea1974-dd79-495c-9819-3bc267bd872b",
    "data": [
      {
        "text": "погода сейчас ",
        "userDefined": false
      },
      {
        "text": "Амстердам",
        "alias": "address",
        "meta": "@sys.location",
        "userDefined": true
      }
    ],
    "isTemplate": false,
    "count": 0,
    "updated": 0
  },
  {
    "id": "7a831f82-3faa-4c2a-a9dc-9d48585a421a",
    "data": [
      {
        "text": "что за погода в ",
        "userDefined": false
      },
      {
        "text": "Риме",
        "alias": "address",
        "meta": "@sys.location",
        "userDefined": true
      }
    ],
    "isTemplate": false,
    "count": 0,
    "updated": 0
  },
  {
    "id": "c3c7b6b2-f44d-40d7-956b-fbd91cd9ee84",
    "data": [
      {
        "text": "какой была погода ",
        "userDefined": false
      },
      {
        "text": "3 марта",
        "alias": "date-time",
        "meta": "@sys.date-time",
        "userDefined": true
      },
      {
        "text": " в ",
        "userDefined": false
      },
      {
        "text": "Ялте",
        "alias": "address",
        "meta": "@sys.location",
        "userDefined": true
      }
    ],
    "isTemplate": false,
    "count": 0,
    "updated": 0
  },
  {
    "id": "3be7d780-89d7-4d1b-a981-bdf553383cf6",
    "data": [
      {
        "text": "погода в ",
        "userDefined": false
      },
      {
        "text": "Сиэтл",
        "alias": "address",
        "meta": "@sys.location",
        "userDefined": true
      }
    ],
    "isTemplate": false,
    "count": 0,
    "updated": 0
  },
  {
    "id": "46446ded-a514-4095-beb0-e7d38bf59494",
    "data": [
      {
        "text": "какая погода ",
        "userDefined": false
      },
      {
        "text": "завтра",
        "alias": "date-time",
        "meta": "@sys.date-time",
        "userDefined": true
      },
      {
        "text": " в ",
        "userDefined": false
      },
      {
        "text": "Барселоне",
        "alias": "address",
        "meta": "@sys.location",
        "userDefined": true
      }
    ],
    "isTemplate": false,
    "count": 1,
    "updated": 0
  },
  {
    "id": "db2adf6b-a23a-4cf8-958e-12a87c3475f6",
    "data": [
      {
        "text": "прогноз погоды в ",
        "userDefined": false
      },
      {
        "text": "Денвере",
        "alias": "address",
        "meta": "@sys.location",
        "userDefined": true
      }
    ],
    "isTemplate": false,
    "count": 0,
    "updated": 0
  },
  {
    "id": "72ebf58e-706d-45bc-ac0e-f8e278fcbc15",
    "data": [
      {
        "text": "погода ",
        "userDefined": false
      },
      {
        "text": "завтра",
        "alias": "date-time",
        "meta": "@sys.date-time",
        "userDefined": true
      },
      {
        "text": " в ",
        "userDefined": false
      },
      {
        "text": "Москве",
        "alias": "address",
        "meta": "@sys.location",
        "userDefined": true
      }
    ],
    "isTemplate": false,
    "count": 1,
    "updated": 0
  },
  {
    "id": "d2905699-466f-47d5-a976-1b901b7ed754",
    "data": [
      {
        "text": "погода",
        "userDefined": false
      }
    ],
    "isTemplate": false,
    "count": 0,
    "updated": 0
  },
  {
    "id": "6fe77f90-5424-464a-8301-d3d7044dd596",
    "data": [
      {
        "text": "прогноз погоды",
        "userDefined": false
      }
    ],
    "isTemplate": false,
    "count": 0,
    "updated": 0
  },
  {
    "id": "c9f9fa70-1b4e-4f03-808a-6a030ad6b3f3",
    "data": [
      {
        "text": "покажи мне погоду",
        "userDefined": false
      }
    ],
    "isTemplate": false,
    "count": 0,
    "updated": 0
  },
  {
    "id": "ba4a3e76-cdbb-48f9-b517-c29f4e34a966",
    "data": [
      {
        "text": "что за погодка",
        "userDefined": false
      }
    ],
    "isTemplate": false,
    "count": 0,
    "updated": 0
  },
  {
    "id": "de11dfe8-eff0-4215-9a1d-574d2ee9785b",
    "data": [
      {
        "text": "хотел бы узнать погоду",
        "userDefined": false
      }
    ],
    "isTemplate": false,
    "count": 0,
    "updated": 0
  },
  {
    "id": "1c691d30-b429-4459-87bc-12083b8216ec",
    "data": [
      {
        "text": "какой будет погода",
        "userDefined": false
      }
    ],
    "isTemplate": false,
    "count": 0,
    "updated": 0
  },
  {
    "id": "239d89cc-9639-488b-87dd-340a3328cc56",
    "data": [
      {
        "text": "что там на улице с погодой",
        "userDefined": false
      }
    ],
    "isTemplate": false,
    "count": 0,
    "updated": 0
  },
  {
    "id": "8ea9c16c-0420-436d-a298-c7f991f1f8a9",
    "data": [
      {
        "text": "теперь прочти прогноз погоды для ",
        "userDefined": false
      },
      {
        "text": "Тамбова",
        "alias": "address",
        "meta": "@sys.location",
        "userDefined": true
      }
    ],
    "isTemplate": false,
    "count": 0,
    "updated": 0
  },
  {
    "id": "c27aa4e0-b686-48fa-8a3f-92520d44cebc",
    "data": [
      {
        "text": "погода ",
        "userDefined": false
      },
      {
        "text": "сегодня",
        "alias": "date-time",
        "meta": "@sys.date-time",
        "userDefined": true
      }
    ],
    "isTemplate": false,
    "count": 0,
    "updated": 0
  },
  {
    "id": "d683b2fe-0943-4840-b1e2-87609270c05d",
    "data": [
      {
        "text": "завтрашняя",
        "alias": "date-time",
        "meta": "@sys.date-time",
        "userDefined": true
      },
      {
        "text": " погода",
        "userDefined": false
      }
    ],
    "isTemplate": false,
    "count": 0,
    "updated": 0
  },
  {
    "id": "fecb49d5-9394-4c7c-975b-2d8686c04853",
    "data": [
      {
        "text": "погода ",
        "userDefined": false
      },
      {
        "text": "этим вечером",
        "alias": "date-time",
        "meta": "@sys.date-time",
        "userDefined": true
      }
    ],
    "isTemplate": false,
    "count": 0,
    "updated": 0
  },
  {
    "id": "72431ca9-5134-4507-9ccb-89049a6744d5",
    "data": [
      {
        "text": "прогноз погоды ",
        "userDefined": false
      },
      {
        "text": "на вторник",
        "alias": "date-time",
        "meta": "@sys.date-time",
        "userDefined": true
      }
    ],
    "isTemplate": false,
    "count": 0,
    "updated": 0
  },
  {
    "id": "a79959b1-fd2f-464e-95d6-4c9fdfb16b2c",
    "data": [
      {
        "text": "расскажи мне про погоду на ",
        "userDefined": false
      },
      {
        "text": "следующей неделе",
        "alias": "date-time",
        "meta": "@sys.date-time",
        "userDefined": true
      }
    ],
    "isTemplate": false,
    "count": 0,
    "updated": 0
  },
  {
    "id": "4c40f6a1-a232-47c8-94c6-7c76657d0b5a",
    "data": [
      {
        "text": "какой будет погода в ",
        "userDefined": false
      },
      {
        "text": "выходные",
        "alias": "date-time",
        "meta": "@sys.date-time",
        "userDefined": true
      }
    ],
    "isTemplate": false,
    "count": 0,
    "updated": 0
  },
  {
    "id": "378db428-91f6-49b2-9742-45a9e74c2d9a",
    "data": [
      {
        "text": "мне нужна погода на ",
        "userDefined": false
      },
      {
        "text": "22 июля",
        "alias": "date-time",
        "meta": "@sys.date-time",
        "userDefined": true
      }
    ],
    "isTemplate": false,
    "count": 0,
    "updated": 0
  },
  {
    "id": "e5006b01-e9b2-4594-ae1d-a54b4002bfda",
    "data": [
      {
        "text": "какую погоду ожидают ",
        "userDefined": false
      },
      {
        "text": "на этой неделе",
        "alias": "date-time",
        "meta": "@sys.date-time",
        "userDefined": true
      }
    ],
    "isTemplate": false,
    "count": 0,
    "updated": 0
  },
  {
    "id": "0abe9284-3051-4aac-802a-583c1f6ae0ea",
    "data": [
      {
        "text": "погода для города ",
        "userDefined": false
      },
      {
        "text": "Париж",
        "alias": "address",
        "meta": "@sys.location",
        "userDefined": true
      }
    ],
    "isTemplate": false,
    "count": 0,
    "updated": 0
  },
  {
    "id": "9272a7dd-d5c9-4d43-80b2-76687d4367ce",
    "data": [
      {
        "text": "покажи что за погода будет ",
        "userDefined": false
      },
      {
        "text": "завтра",
        "alias": "date-time",
        "meta": "@sys.date-time",
        "userDefined": true
      },
      {
        "text": " в ",
        "userDefined": false
      },
      {
        "text": "Берлине",
        "alias": "address",
        "meta": "@sys.location",
        "userDefined": true
      }
    ],
    "isTemplate": false,
    "count": 0,
    "updated": 0
  },
  {
    "id": "e9466996-b712-4067-a416-ec8b8550270d",
    "data": [
      {
        "text": "хотелось бы знать что за погода в ",
        "userDefined": false
      },
      {
        "text": "Мадриде",
        "alias": "address",
        "meta": "@sys.location",
        "userDefined": true
      }
    ],
    "isTemplate": false,
    "count": 0,
    "updated": 0
  },
  {
    "id": "747fb5f5-837b-4c77-854c-5ac6405674cb",
    "data": [
      {
        "text": "что ожидается в ",
        "userDefined": false
      },
      {
        "text": "Москве",
        "alias": "address",
        "meta": "@sys.location",
        "userDefined": true
      },
      {
        "text": " погода",
        "userDefined": false
      }
    ],
    "isTemplate": false,
    "count": 1,
    "updated": 0
  },
  {
    "id": "2a3d007d-bb38-46c6-8b6f-3cd277447622",
    "data": [
      {
        "text": "покажи погоду в градусах ",
        "userDefined": false
      },
      {
        "text": "Фаренгейта",
        "alias": "unit",
        "meta": "@unit-temperature",
        "userDefined": true
      }
    ],
    "isTemplate": false,
    "count": 0,
    "updated": 0
  },
  {
    "id": "065619f1-cd8d-46e4-bc97-78d1b46ba124",
    "data": [
      {
        "text": "прогноз погоды на ",
        "userDefined": false
      },
      {
        "text": "завтра",
        "alias": "date-time",
        "meta": "@sys.date-time",
        "userDefined": true
      },
      {
        "text": " ",
        "userDefined": false
      },
      {
        "text": "Брюссель",
        "alias": "address",
        "meta": "@sys.location",
        "userDefined": true
      }
    ],
    "isTemplate": false,
    "count": 0,
    "updated": 0
  },
  {
    "id": "57b2a5f8-6047-46cf-9c71-6868f3dafd8a",
    "data": [
      {
        "text": "погода ",
        "userDefined": false
      },
      {
        "text": "Милан",
        "alias": "address",
        "meta": "@sys.location",
        "userDefined": true
      },
      {
        "text": " ",
        "userDefined": false
      },
      {
        "text": "среда",
        "alias": "date-time",
        "meta": "@sys.date-time",
        "userDefined": true
      }
    ],
    "isTemplate": false,
    "count": 0,
    "updated": 0
  },
  {
    "id": "e02f70f7-4d91-4ea0-afea-6c1c62bef1de",
    "data": [
      {
        "text": "что за погода будет в ",
        "userDefined": false
      },
      {
        "text": "Токио",
        "alias": "address",
        "meta": "@sys.location",
        "userDefined": true
      },
      {
        "text": " на ",
        "userDefined": false
      },
      {
        "text": "следующей неделе",
        "alias": "date-time",
        "meta": "@sys.date-time",
        "userDefined": true
      }
    ],
    "isTemplate": false,
    "count": 0,
    "updated": 0
  },
  {
    "id": "b7e919c4-638e-46a4-9c9e-1ee7886c1708",
    "data": [
      {
        "text": "погода в ",
        "userDefined": false
      },
      {
        "text": "Бруклине",
        "alias": "address",
        "meta": "@sys.location",
        "userDefined": true
      },
      {
        "text": " в ",
        "userDefined": false
      },
      {
        "text": "Цельсиях",
        "alias": "unit",
        "meta": "@unit-temperature",
        "userDefined": true
      }
    ],
    "isTemplate": false,
    "count": 0,
    "updated": 0
  },
  {
    "id": "3d45c253-90ff-48b3-a419-19d7eb63ce53",
    "data": [
      {
        "text": "скажи мне что с погодой ",
        "userDefined": false
      },
      {
        "text": "Париж",
        "alias": "address",
        "meta": "@sys.location",
        "userDefined": true
      }
    ],
    "isTemplate": false,
    "count": 1,
    "updated": 0
  }
]