[
  {
    "value": "hotel",
    "synonyms": [
      "hotel",
      "hotels"
    ]
  },
  {
    "value": "hostel",
    "synonyms": [
      "hostel",
      "hostels"
    ]
  },
  {
    "value": "guesthouse",
    "synonyms": [
      "guesthouse",
      "guesthouses"
    ]
  },
  {
    "value": "motel",
    "synonyms": [
      "motel",
      "motels"
    ]
  },
  {
    "value": "cottage",
    "synonyms": [
      "chalet",
      "cottage",
      "cottages",
      "chalets"
    ]
  },
  {
    "value": "apartment",
    "synonyms": [
      "apartment",
      "apartments"
    ]
  },
  {
    "value": "resort",
    "synonyms": [
      "resort",
      "resorts",
      "beach resort",
      "beach resorts"
    ]
  },
  {
    "value": "ski resort",
    "synonyms": [
      "ski resort",
      "ski resorts"
    ]
  },
  {
    "value": "place to stay",
    "synonyms": [
      "place to stay"
    ]
  }
]